Banco de México,Unnamed: 1,Unnamed: 2,Unnamed: 3
,,,
Tasas y precios de referencia,,,
Tasas de Interés Semanales de Valores Privados de Corto Plazo,,,
,,,
Fecha de consulta: 22/02/2025 05:07:17,,,
,,,
,,,
,,,
Título,"Valores privados de corto plazo semanal, Total corto plazo, tasa promedio ponderada, Porcentajes","Valores privados de corto plazo semanal, Papel comercial, tasa promedio ponderada, Porcentajes","Valores privados de corto plazo semanal, Certificados bursátiles a corto plazo, tasa promedio ponderada, Porcentajes"
Periodo disponible,02/04/1993 - 14/02/2025,02/04/1993 - 14/02/2025,06/09/2002 - 14/02/2025
Periodicidad,Diaria,Diaria,Diaria
Cifra,Porcentajes,Porcentajes,Porcentajes
Unidad,Porcentajes,Porcentajes,Porcentajes
Base,,,
Aviso,,,
Tipo de información,Niveles,Niveles,Niveles
Fecha,SF45371,SF44057,SF45376
2002-01-04 00:00:00,9.4,9.4,N/E
2002-01-11 00:00:00,7.54,7.54,N/E
2002-01-18 00:00:00,7.76,7.76,N/E
2002-01-25 00:00:00,7.49,7.49,N/E
2002-02-01 00:00:00,8.88,8.88,N/E
2002-02-08 00:00:00,10.28,10.28,N/E
2002-02-15 00:00:00,8.98,8.98,N/E
2002-02-22 00:00:00,8.92,8.92,N/E
2002-03-01 00:00:00,8.35,8.35,N/E
2002-03-08 00:00:00,8.35,8.35,N/E
2002-03-15 00:00:00,9.46,9.46,N/E
2002-03-22 00:00:00,8.56,8.56,N/E
2002-03-27 00:00:00,8.66,8.66,N/E
2002-04-05 00:00:00,7.27,7.27,N/E
2002-04-12 00:00:00,6.97,6.97,N/E
2002-04-19 00:00:00,6.29,6.29,N/E
2002-04-26 00:00:00,6.29,6.29,N/E
2002-05-03 00:00:00,7.93,7.93,N/E
2002-05-10 00:00:00,7.43,7.43,N/E
2002-05-17 00:00:00,7.69,7.69,N/E
2002-05-24 00:00:00,7.76,7.76,N/E
2002-05-31 00:00:00,7.87,7.87,N/E
2002-06-07 00:00:00,8.79,8.79,N/E
2002-06-14 00:00:00,7.97,7.97,N/E
2002-06-21 00:00:00,7.72,7.72,N/E
2002-06-28 00:00:00,10.21,10.21,N/E
2002-07-05 00:00:00,9.22,9.22,N/E
2002-07-12 00:00:00,9.16,9.16,N/E
2002-07-19 00:00:00,7.86,7.86,N/E
2002-07-26 00:00:00,7.77,7.77,N/E
2002-08-02 00:00:00,7.57,7.57,N/E
2002-08-09 00:00:00,7.35,7.35,N/E
2002-08-16 00:00:00,7.76,7.76,N/E
2002-08-23 00:00:00,7.44,7.44,N/E
2002-08-30 00:00:00,7.45,7.45,N/E
2002-09-06 00:00:00,7.77,7.76,8.23
2002-09-13 00:00:00,7.78,7.77,8.37
2002-09-20 00:00:00,8.25,8.24,8.37
2002-09-27 00:00:00,9.38,9.38,9.97
2002-10-04 00:00:00,8.94,8.91,9.75
2002-10-11 00:00:00,8.92,8.9,10.22
2002-10-18 00:00:00,8.73,8.7,9.74
2002-10-25 00:00:00,8.96,8.92,9.17
2002-11-01 00:00:00,9.21,9.04,9.74
2002-11-08 00:00:00,9.06,9.25,8.74
2002-11-15 00:00:00,8.63,8.56,9.43
2002-11-22 00:00:00,8.48,8.44,8.87
2002-11-29 00:00:00,8.88,9.56,8.51
2002-12-06 00:00:00,8.92,9.01,8.75
2002-12-13 00:00:00,8.63,8.48,9.45
2002-12-20 00:00:00,8.44,8.41,9.93
2002-12-27 00:00:00,8.4,8.39,10.67
2003-01-03 00:00:00,9.43,9.43,N/E
2003-01-10 00:00:00,9.27,9.35,8.93
2003-01-17 00:00:00,9.01,8.8,9.64
2003-01-24 00:00:00,9.81,9.73,10.46
2003-01-31 00:00:00,9.94,9.65,10.7
2003-02-07 00:00:00,9.84,9.78,10.3
2003-02-14 00:00:00,10.77,10.93,10.67
2003-02-21 00:00:00,9.58,9.42,10.27
2003-02-28 00:00:00,10.17,10.11,10.62
2003-03-07 00:00:00,10.73,10.76,10.63
2003-03-14 00:00:00,10.28,10.21,10.69
2003-03-20 00:00:00,9.5,9.46,9.55
2003-03-28 00:00:00,8.89,8.75,9.21
2003-04-04 00:00:00,9.31,9.28,9.53
2003-04-11 00:00:00,8.93,8.89,9.18
2003-04-16 00:00:00,8.4,8.31,18.5
2003-04-25 00:00:00,8.33,8.07,8.68
2003-05-02 00:00:00,7.08,7.03,7.22
2003-05-09 00:00:00,6.61,6.41,7.37
2003-05-16 00:00:00,5.36,5.29,6.17
2003-05-23 00:00:00,5.92,5.84,6.31
2003-05-30 00:00:00,5.61,5.52,6.09
2003-06-06 00:00:00,5.97,5.85,6.27
2003-06-13 00:00:00,6.11,6,6.61
2003-06-20 00:00:00,6.05,5.98,6.62
2003-06-27 00:00:00,5.75,5.64,6.08
2003-07-04 00:00:00,5.32,5.38,5.13
2003-07-11 00:00:00,5.37,5.34,5.43
2003-07-18 00:00:00,5.47,5.3,5.9
2003-07-25 00:00:00,5.32,5.31,5.4
2003-08-01 00:00:00,5.12,5.1,5.24
2003-08-08 00:00:00,5.1,5.06,5.21
2003-08-15 00:00:00,5.14,4.85,5.71
2003-08-22 00:00:00,5,4.85,5.34
2003-08-29 00:00:00,5.17,5.02,5.86
2003-09-05 00:00:00,5.41,5.38,5.5
2003-09-12 00:00:00,5.42,5.17,5.87
2003-09-19 00:00:00,4.83,4.74,5.12
2003-09-26 00:00:00,5.2,5.06,5.73
2003-10-03 00:00:00,5.43,5.54,5.28
2003-10-10 00:00:00,6.05,5.85,6.6
2003-10-17 00:00:00,5.86,5.73,6.35
2003-10-24 00:00:00,5.83,5.75,6.61
2003-10-31 00:00:00,5.66,5.64,5.7
2003-11-07 00:00:00,5.9,5.71,5.99
2003-11-14 00:00:00,5.09,5,5.29
2003-11-21 00:00:00,6.06,5.32,6.47
2003-11-28 00:00:00,5.92,5.28,7.17
2003-12-05 00:00:00,7.02,6.89,7.26
2003-12-11 00:00:00,6.82,8.36,6.52
2003-12-19 00:00:00,6.78,6.05,7.38
2003-12-26 00:00:00,6.58,6.51,9.2
2004-01-02 00:00:00,6.45,6.45,N/E
2004-01-09 00:00:00,5.77,5.63,6.23
2004-01-16 00:00:00,5.62,5.51,5.92
2004-01-23 00:00:00,5.46,5.26,6.35
2004-01-30 00:00:00,5,5.3,4.5
2004-02-06 00:00:00,6.15,6.13,6.17
2004-02-13 00:00:00,6.07,5.74,7.35
2004-02-20 00:00:00,6.53,5.89,7.17
2004-02-27 00:00:00,6.27,6.07,6.89
2004-03-05 00:00:00,7.64,7.71,7.56
2004-03-12 00:00:00,7.29,6.68,9.08
2004-03-19 00:00:00,6.74,6.7,6.82
2004-03-26 00:00:00,6.84,6.64,7.7
2004-04-02 00:00:00,7.97,8.57,7.71
2004-04-07 00:00:00,6.26,6.25,6.3
2004-04-16 00:00:00,6.08,6.01,6.58
2004-04-23 00:00:00,6.37,6.12,7.27
2004-04-30 00:00:00,7,5.93,7.54
2004-05-07 00:00:00,7.82,8.99,7.57
2004-05-14 00:00:00,7.55,6.78,8.05
2004-05-21 00:00:00,7.27,7.04,7.88
2004-05-28 00:00:00,7.12,7.04,7.67
2004-06-04 00:00:00,7.41,7.32,7.51
2004-06-11 00:00:00,7.55,7.03,7.92
2004-06-18 00:00:00,7.41,7.06,8.24
2004-06-25 00:00:00,7.17,7.01,7.98
2004-07-02 00:00:00,7.23,7.08,7.82
2004-07-09 00:00:00,7.93,8.19,7.92
2004-07-16 00:00:00,7.2,7.13,7.7
2004-07-23 00:00:00,7.54,6.99,8.53
2004-07-30 00:00:00,7.93,7.55,8.66
2004-08-06 00:00:00,7.53,7.31,8.36
2004-08-13 00:00:00,8.48,N/E,8.48
2004-08-20 00:00:00,7.46,7.35,7.89
2004-08-27 00:00:00,7.76,7.59,8.54
2004-09-03 00:00:00,7.95,7.88,8.11
2004-09-10 00:00:00,7.76,7.47,8.41
2004-09-17 00:00:00,8.17,7.64,8.77
2004-09-24 00:00:00,7.9,7.76,8.38
2004-10-01 00:00:00,8.45,8.24,8.7
2004-10-08 00:00:00,7.98,7.95,8.13
2004-10-15 00:00:00,8.23,8.17,8.75
2004-10-22 00:00:00,8.41,8.04,8.66
2004-10-29 00:00:00,8.56,8.42,8.88
2004-11-05 00:00:00,8.91,8.17,9
2004-11-12 00:00:00,8.84,8.64,9.47
2004-11-19 00:00:00,8.76,8.5,9.41
2004-11-26 00:00:00,8.83,8.67,9.71
2004-12-03 00:00:00,9.08,8.68,9.97
2004-12-10 00:00:00,9.34,8.65,9.74
2004-12-17 00:00:00,9.08,9.05,9.22
2004-12-24 00:00:00,9.33,9.19,11.59
2004-12-31 00:00:00,9,9,N/E
2005-01-07 00:00:00,8.81,8.79,8.89
2005-01-14 00:00:00,8.86,8.79,9.28
2005-01-21 00:00:00,9.15,8.99,9.69
2005-01-28 00:00:00,9.42,N/E,9.42
2005-02-04 00:00:00,9.6,9.04,10.26
2005-02-11 00:00:00,10.07,9.43,10.5
2005-02-18 00:00:00,9.68,9.84,9.55
2005-02-25 00:00:00,9.65,9.49,9.96
2005-03-04 00:00:00,9.87,9.55,9.95
2005-03-11 00:00:00,10,9.76,10.07
2005-03-18 00:00:00,10.62,9.58,10.71
2005-03-23 00:00:00,9.72,N/E,9.72
2005-04-01 00:00:00,10,9.73,10.31
2005-04-08 00:00:00,10.23,10.14,10.24
2005-04-15 00:00:00,10.09,10.01,10.2
2005-04-22 00:00:00,10.56,9.99,10.66
2005-04-29 00:00:00,10.35,N/E,10.35
2005-05-06 00:00:00,10.19,10.14,10.21
2005-05-13 00:00:00,10.7,N/E,10.7
2005-05-20 00:00:00,10.61,N/E,10.61
2005-05-27 00:00:00,10.54,N/E,10.54
2005-06-03 00:00:00,10.17,11.16,10.14
2005-06-10 00:00:00,10.07,9.98,10.1
2005-06-17 00:00:00,10.23,11.14,10.21
2005-06-24 00:00:00,10.06,9.95,10.08
2005-07-01 00:00:00,9.9,11.11,9.88
2005-07-08 00:00:00,10.08,9.88,10.15
2005-07-15 00:00:00,9.94,9.82,10.03
2005-07-22 00:00:00,10.05,10,10.06
2005-07-29 00:00:00,9.95,10.07,9.93
2005-08-05 00:00:00,10.22,9.97,10.26
2005-08-12 00:00:00,9.95,9.87,9.96
2005-08-19 00:00:00,10.01,N/E,10.01
2005-08-26 00:00:00,10.08,9.92,10.14
2005-09-02 00:00:00,9.69,N/E,9.69
2005-09-09 00:00:00,9.87,12.1,9.87
2005-09-15 00:00:00,9.54,N/E,9.54
2005-09-23 00:00:00,9.39,10.56,9.37
2005-09-30 00:00:00,9.4,N/E,9.4
2005-10-07 00:00:00,9.4,N/E,9.4
2005-10-14 00:00:00,9.46,N/E,9.46
2005-10-21 00:00:00,9.26,10.38,9.25
2005-10-28 00:00:00,9.23,N/E,9.23
2005-11-04 00:00:00,9.35,N/E,9.35
2005-11-11 00:00:00,9.26,N/E,9.26
2005-11-18 00:00:00,9.02,10.18,9
2005-11-25 00:00:00,9.21,N/E,9.21
2005-12-02 00:00:00,8.9,N/E,8.9
2005-12-09 00:00:00,9,N/E,9
2005-12-16 00:00:00,8.44,9.64,8.44
2005-12-23 00:00:00,8.46,N/E,8.46
2005-12-30 00:00:00,8.35,N/E,8.35
2006-01-06 00:00:00,8.37,N/E,8.37
2006-01-13 00:00:00,8.49,9.42,8.47
2006-01-20 00:00:00,8.18,N/E,8.18
2006-01-27 00:00:00,8.06,8,8.07
2006-02-03 00:00:00,7.89,7.94,7.88
2006-02-10 00:00:00,7.91,9.18,7.89
2006-02-17 00:00:00,8.11,7.85,8.13
2006-02-24 00:00:00,7.83,7.77,7.84
2006-03-03 00:00:00,7.85,7.64,7.86
2006-03-10 00:00:00,7.68,7.8,7.67
2006-03-17 00:00:00,7.66,7.64,7.66
2006-03-24 00:00:00,7.6,7.49,7.61
2006-03-31 00:00:00,7.58,N/E,7.58
2006-04-07 00:00:00,7.55,7.55,7.55
2006-04-12 00:00:00,7.52,N/E,7.52
2006-04-21 00:00:00,7.59,7.37,7.63
2006-04-28 00:00:00,7.73,N/E,7.73
2006-05-05 00:00:00,7.27,N/E,7.27
2006-05-12 00:00:00,7.25,N/E,7.25
2006-05-19 00:00:00,7.4,7.26,7.41
2006-05-26 00:00:00,7.36,N/E,7.36
2006-06-02 00:00:00,7.52,N/E,7.52
2006-06-09 00:00:00,7.32,N/E,7.32
2006-06-16 00:00:00,7.33,N/E,7.33
2006-06-23 00:00:00,7.27,N/E,7.27
2006-06-30 00:00:00,7.24,N/E,7.24
2006-07-07 00:00:00,7.24,N/E,7.24
2006-07-14 00:00:00,7.34,N/E,7.34
2006-07-21 00:00:00,7.21,N/E,7.21
2006-07-28 00:00:00,7.32,N/E,7.32
2006-08-04 00:00:00,7.28,N/E,7.28
2006-08-11 00:00:00,7.47,N/E,7.47
2006-08-18 00:00:00,7.39,N/E,7.39
2006-08-25 00:00:00,7.24,N/E,7.24
2006-09-01 00:00:00,7.33,N/E,7.33
2006-09-08 00:00:00,7.34,N/E,7.34
2006-09-15 00:00:00,7.42,N/E,7.42
2006-09-22 00:00:00,7.21,N/E,7.21
2006-09-29 00:00:00,7.31,N/E,7.31
2006-10-06 00:00:00,7.31,N/E,7.31
2006-10-13 00:00:00,7.45,N/E,7.45
2006-10-20 00:00:00,7.45,N/E,7.45
2006-10-27 00:00:00,7.27,N/E,7.27
2006-11-03 00:00:00,7.24,N/E,7.24
2006-11-10 00:00:00,7.36,N/E,7.36
2006-11-17 00:00:00,7.4,N/E,7.4
2006-11-24 00:00:00,7.35,N/E,7.35
2006-11-30 00:00:00,7.34,N/E,7.34
2006-12-08 00:00:00,7.37,N/E,7.37
2006-12-15 00:00:00,7.36,7.21,7.38
2006-12-22 00:00:00,7.39,N/E,7.39
2006-12-29 00:00:00,7.39,7.43,7.22
2007-01-05 00:00:00,7.24,N/E,7.24
2007-01-12 00:00:00,7.49,N/E,7.49
2007-01-19 00:00:00,7.48,N/E,7.48
2007-01-26 00:00:00,7.35,7.34,7.36
2007-02-02 00:00:00,7.46,N/E,7.46
2007-02-09 00:00:00,7.53,N/E,7.53
2007-02-16 00:00:00,7.39,7.39,7.39
2007-02-23 00:00:00,7.39,N/E,7.39
2007-03-02 00:00:00,7.43,N/E,7.43
2007-03-09 00:00:00,7.49,7.39,7.5
2007-03-16 00:00:00,7.34,N/E,7.34
2007-03-23 00:00:00,7.46,N/E,7.46
2007-03-30 00:00:00,7.27,N/E,7.27
2007-04-04 00:00:00,7.36,N/E,7.36
2007-04-13 00:00:00,7.35,N/E,7.35
2007-04-20 00:00:00,7.22,N/E,7.22
2007-04-27 00:00:00,7.32,N/E,7.32
2007-05-04 00:00:00,7.61,7.65,7.6
2007-05-11 00:00:00,7.53,N/E,7.53
2007-05-18 00:00:00,7.62,N/E,7.62
2007-05-25 00:00:00,7.69,N/E,7.69
2007-06-01 00:00:00,7.45,N/E,7.45
2007-06-08 00:00:00,7.51,N/E,7.51
2007-06-15 00:00:00,7.48,N/E,7.48
2007-06-22 00:00:00,7.54,N/E,7.54
2007-06-29 00:00:00,7.52,N/E,7.52
2007-07-06 00:00:00,7.49,N/E,7.49
2007-07-13 00:00:00,7.68,N/E,7.68
2007-07-20 00:00:00,7.58,N/E,7.58
2007-07-27 00:00:00,7.57,N/E,7.57
2007-08-03 00:00:00,7.51,N/E,7.51
2007-08-10 00:00:00,7.55,N/E,7.55
2007-08-17 00:00:00,7.47,N/E,7.47
2007-08-24 00:00:00,7.48,N/E,7.48
2007-08-31 00:00:00,7.46,N/E,7.46
2007-09-07 00:00:00,7.72,N/E,7.72
2007-09-14 00:00:00,7.53,N/E,7.53
2007-09-21 00:00:00,7.65,N/E,7.65
2007-09-28 00:00:00,7.49,N/E,7.49
2007-10-05 00:00:00,7.75,N/E,7.75
2007-10-12 00:00:00,7.64,N/E,7.64
2007-10-19 00:00:00,7.82,N/E,7.82
2007-10-26 00:00:00,7.51,N/E,7.51
2007-11-01 00:00:00,7.86,N/E,7.86
2007-11-09 00:00:00,7.93,N/E,7.93
2007-11-16 00:00:00,7.71,N/E,7.71
2007-11-23 00:00:00,7.84,N/E,7.84
2007-11-30 00:00:00,7.8,N/E,7.8
2007-12-07 00:00:00,7.83,N/E,7.83
2007-12-14 00:00:00,7.84,N/E,7.84
2007-12-21 00:00:00,7.91,N/E,7.91
2007-12-28 00:00:00,7.88,N/E,7.88
2008-01-04 00:00:00,7.92,N/E,7.92
2008-01-11 00:00:00,7.92,N/E,7.92
2008-01-18 00:00:00,7.89,7.85,7.89
2008-01-25 00:00:00,7.82,N/E,7.82
2008-02-01 00:00:00,8,7.94,8.01
2008-02-08 00:00:00,7.91,N/E,7.91
2008-02-15 00:00:00,7.88,7.87,7.88
2008-02-22 00:00:00,7.99,7.87,8.01
2008-02-29 00:00:00,7.95,N/E,7.95
2008-03-07 00:00:00,7.89,N/E,7.89
2008-03-14 00:00:00,7.92,7.86,7.93
2008-03-19 00:00:00,7.73,N/E,7.73
2008-03-28 00:00:00,7.9,N/E,7.9
2008-04-04 00:00:00,8.17,N/E,8.17
2008-04-11 00:00:00,7.9,N/E,7.9
2008-04-18 00:00:00,7.93,7.88,7.94
2008-04-25 00:00:00,8.06,7.7,8.09
2008-05-02 00:00:00,7.81,7.85,7.8
2008-05-09 00:00:00,8.01,N/E,8.01
2008-05-16 00:00:00,7.82,7.85,7.82
2008-05-23 00:00:00,7.86,7.85,7.86
2008-05-30 00:00:00,7.88,7.88,7.87
2008-06-06 00:00:00,7.8,N/E,7.8
2008-06-13 00:00:00,7.9,7.87,7.91
2008-06-20 00:00:00,7.86,7.87,7.86
2008-06-27 00:00:00,8.08,N/E,8.08
2008-07-04 00:00:00,8.23,8.11,8.25
2008-07-11 00:00:00,8.22,N/E,8.22
2008-07-18 00:00:00,8.22,8.1,8.28
2008-07-25 00:00:00,8.36,N/E,8.36
2008-08-01 00:00:00,8.47,N/E,8.47
2008-08-08 00:00:00,8.62,N/E,8.62
2008-08-15 00:00:00,8.4,8.28,8.46
2008-08-22 00:00:00,8.63,8.45,8.7
2008-08-29 00:00:00,8.6,N/E,8.6
2008-09-05 00:00:00,8.6,8.58,8.61
2008-09-12 00:00:00,8.69,8.59,8.72
2008-09-19 00:00:00,8.94,N/E,8.94
2008-09-26 00:00:00,8.66,8.66,8.66
2008-10-03 00:00:00,8.66,8.74,8.65
2008-10-10 00:00:00,9.23,N/E,9.23
2008-10-17 00:00:00,9.93,N/E,9.93
2008-10-24 00:00:00,10.66,N/E,10.66
2008-10-31 00:00:00,10.83,10.2,10.9
2008-11-07 00:00:00,10.67,N/E,10.67
2008-11-14 00:00:00,10.9,N/E,10.9
2008-11-21 00:00:00,11.45,N/E,11.45
2008-11-28 00:00:00,11.27,N/E,11.27
2008-12-05 00:00:00,10.87,N/E,10.87
2008-12-11 00:00:00,10.4,N/E,10.4
2008-12-19 00:00:00,10.94,N/E,10.94
2008-12-26 00:00:00,11.02,N/E,11.02
2009-01-02 00:00:00,9.79,N/E,9.79
2009-01-09 00:00:00,10.91,N/E,10.91
2009-01-16 00:00:00,10.26,N/E,10.26
2009-01-23 00:00:00,10.94,N/E,10.94
2009-01-30 00:00:00,10.07,N/E,10.07
2009-02-06 00:00:00,9.82,N/E,9.82
2009-02-13 00:00:00,9.8,N/E,9.8
2009-02-20 00:00:00,9.61,N/E,9.61
2009-02-27 00:00:00,9.82,N/E,9.82
2009-03-06 00:00:00,9.93,N/E,9.93
2009-03-13 00:00:00,9.41,N/E,9.41
2009-03-20 00:00:00,9.72,N/E,9.72
2009-03-27 00:00:00,8.69,8.09,8.76
2009-04-03 00:00:00,9.56,8.05,9.73
2009-04-08 00:00:00,9.46,N/E,9.46
2009-04-17 00:00:00,8.86,7.7,9.03
2009-04-24 00:00:00,8.31,N/E,8.31
2009-04-30 00:00:00,8.13,N/E,8.13
2009-05-08 00:00:00,7.43,N/E,7.43
2009-05-15 00:00:00,7.14,N/E,7.14
2009-05-22 00:00:00,6.62,6.5,6.63
2009-05-29 00:00:00,6.51,N/E,6.51
2009-06-12 00:00:00,6.67,N/E,6.67
2009-06-19 00:00:00,6.57,N/E,6.57
2009-06-26 00:00:00,5.88,N/E,5.88
2009-07-03 00:00:00,5.55,N/E,5.55
2009-07-10 00:00:00,6.78,N/E,6.78
2009-07-17 00:00:00,5.94,N/E,5.94
2009-07-24 00:00:00,5.58,5.03,5.78
2009-07-31 00:00:00,5.15,N/E,5.15
2009-08-07 00:00:00,5.77,N/E,5.77
2009-08-13 00:00:00,N/E,N/E,N/E
2009-08-14 00:00:00,5.14,N/E,5.14
2009-08-21 00:00:00,5.45,N/E,5.45
2009-08-28 00:00:00,6.66,N/E,6.66
2009-09-04 00:00:00,5.7,N/E,5.7
2009-09-11 00:00:00,6.12,N/E,6.12
2009-09-18 00:00:00,5.47,N/E,5.47
2009-09-25 00:00:00,5.7,N/E,5.7
2009-10-02 00:00:00,5.29,N/E,5.29
2009-10-09 00:00:00,5.55,N/E,5.55
2009-10-16 00:00:00,5.65,N/E,5.65
2009-10-23 00:00:00,4.97,N/E,4.97
2009-10-30 00:00:00,5.4,N/E,5.4
2009-11-06 00:00:00,5.78,N/E,5.78
2009-11-13 00:00:00,5.59,N/E,5.59
2009-11-20 00:00:00,5.57,N/E,5.57
2009-11-27 00:00:00,5.4,N/E,5.4
2009-12-04 00:00:00,5.59,N/E,5.59
2009-12-11 00:00:00,5.21,N/E,5.21
2009-12-18 00:00:00,5.42,N/E,5.42
2009-12-24 00:00:00,4.92,N/E,4.92
2009-12-31 00:00:00,5.1,N/E,5.1
2010-01-08 00:00:00,5.41,N/E,5.41
2010-01-15 00:00:00,5.39,N/E,5.39
2010-01-22 00:00:00,5.31,N/E,5.31
2010-01-29 00:00:00,5.17,N/E,5.17
2010-02-05 00:00:00,5.61,N/E,5.61
2010-02-12 00:00:00,5.43,N/E,5.43
2010-02-19 00:00:00,5.9,N/E,5.9
2010-02-26 00:00:00,5.17,N/E,5.17
2010-03-05 00:00:00,5.28,N/E,5.28
2010-03-12 00:00:00,5.17,N/E,5.17
2010-03-19 00:00:00,5.76,N/E,5.76
2010-03-26 00:00:00,5.21,N/E,5.21
2010-03-31 00:00:00,5.3,N/E,5.3
2010-04-09 00:00:00,5.87,N/E,5.87
2010-04-16 00:00:00,5.51,N/E,5.51
2010-04-23 00:00:00,5.12,N/E,5.12
2010-04-30 00:00:00,5.57,N/E,5.57
2010-05-07 00:00:00,5.3,N/E,5.3
2010-05-14 00:00:00,5.66,N/E,5.66
2010-05-21 00:00:00,5.1,N/E,5.1
2010-05-28 00:00:00,5.32,N/E,5.32
2010-06-04 00:00:00,5.35,N/E,5.35
2010-06-11 00:00:00,5.77,N/E,5.77
2010-06-18 00:00:00,5.09,N/E,5.09
2010-06-25 00:00:00,5.48,N/E,5.48
2010-07-02 00:00:00,5.17,N/E,5.17
2010-07-09 00:00:00,5.85,N/E,5.85
2010-07-16 00:00:00,5.05,N/E,5.05
2010-07-23 00:00:00,5.37,N/E,5.37
2010-07-30 00:00:00,5.34,N/E,5.34
2010-08-06 00:00:00,5.86,N/E,5.86
2010-08-13 00:00:00,5.07,N/E,5.07
2010-08-20 00:00:00,5.27,N/E,5.27
2010-08-27 00:00:00,5.14,N/E,5.14
2010-09-02 00:00:00,N/E,N/E,N/E
2010-09-03 00:00:00,5.28,N/E,5.28
2010-09-10 00:00:00,5.09,N/E,5.09
2010-09-15 00:00:00,4.95,N/E,4.95
2010-09-24 00:00:00,4.97,N/E,4.97
2010-10-01 00:00:00,5.57,N/E,5.57
2010-10-08 00:00:00,4.96,N/E,4.96
2010-10-15 00:00:00,5.04,N/E,5.04
2010-10-22 00:00:00,4.92,N/E,4.92
2010-10-29 00:00:00,5.06,N/E,5.06
2010-11-05 00:00:00,5.2,N/E,5.2
2010-11-12 00:00:00,5.09,N/E,5.09
2010-11-19 00:00:00,5.12,N/E,5.12
2010-11-26 00:00:00,5.02,N/E,5.02
2010-12-03 00:00:00,5.21,N/E,5.21
2010-12-10 00:00:00,5.28,N/E,5.28
2010-12-17 00:00:00,4.86,N/E,4.86
2010-12-24 00:00:00,5.95,N/E,5.95
2010-12-31 00:00:00,5.11,N/E,5.11
2011-01-07 00:00:00,5.31,N/E,5.31
2011-01-14 00:00:00,5,N/E,5
2011-01-21 00:00:00,4.98,N/E,4.98
2011-01-28 00:00:00,5.22,N/E,5.22
2011-02-04 00:00:00,5.01,N/E,5.01
2011-02-11 00:00:00,5.18,N/E,5.18
2011-02-18 00:00:00,4.86,N/E,4.86
2011-02-25 00:00:00,5.1,N/E,5.1
2011-03-04 00:00:00,4.9,N/E,4.9
2011-03-11 00:00:00,5.12,N/E,5.12
2011-03-18 00:00:00,5.02,N/E,5.02
2011-03-25 00:00:00,5.16,N/E,5.16
2011-04-01 00:00:00,5.08,N/E,5.08
2011-04-08 00:00:00,4.94,N/E,4.94
2011-04-15 00:00:00,5.15,N/E,5.15
2011-04-20 00:00:00,5.17,N/E,5.17
2011-04-29 00:00:00,5.11,N/E,5.11
2011-05-06 00:00:00,5.04,N/E,5.04
2011-05-13 00:00:00,5.09,N/E,5.09
2011-05-20 00:00:00,5.06,N/E,5.06
2011-05-27 00:00:00,4.94,N/E,4.94
2011-06-03 00:00:00,5,N/E,5
2011-06-10 00:00:00,4.84,N/E,4.84
2011-06-17 00:00:00,4.92,N/E,4.92
2011-06-24 00:00:00,5.13,N/E,5.13
2011-07-01 00:00:00,4.88,N/E,4.88
2011-07-08 00:00:00,4.93,N/E,4.93
2011-07-15 00:00:00,4.77,N/E,4.77
2011-07-22 00:00:00,4.95,N/E,4.95
2011-07-29 00:00:00,4.93,N/E,4.93
2011-08-05 00:00:00,4.82,N/E,4.82
2011-08-12 00:00:00,4.85,4.71,4.87
2011-08-19 00:00:00,4.75,4.7,4.76
2011-08-26 00:00:00,4.8,N/E,4.8
2011-09-02 00:00:00,5.06,N/E,5.06
2011-09-09 00:00:00,4.62,N/E,4.62
2011-09-15 00:00:00,4.99,N/E,4.99
2011-09-23 00:00:00,4.83,N/E,4.83
2011-09-30 00:00:00,4.69,N/E,4.69
2011-10-07 00:00:00,4.86,N/E,4.86
2011-10-14 00:00:00,4.99,N/E,4.99
2011-10-21 00:00:00,4.79,N/E,4.79
2011-10-28 00:00:00,4.62,N/E,4.62
2011-11-04 00:00:00,4.78,N/E,4.78
2011-11-11 00:00:00,4.87,N/E,4.87
2011-11-18 00:00:00,4.68,N/E,4.68
2011-11-25 00:00:00,4.75,N/E,4.75
2011-12-02 00:00:00,4.66,N/E,4.66
2011-12-09 00:00:00,4.99,N/E,4.99
2011-12-16 00:00:00,4.68,N/E,4.68
2011-12-23 00:00:00,4.71,N/E,4.71
2011-12-30 00:00:00,4.79,N/E,4.79
2012-01-06 00:00:00,4.83,N/E,4.83
2012-01-13 00:00:00,4.92,N/E,4.92
2012-01-20 00:00:00,4.85,N/E,4.85
2012-01-27 00:00:00,4.67,N/E,4.67
2012-02-03 00:00:00,4.81,N/E,4.81
2012-02-10 00:00:00,4.82,N/E,4.82
2012-02-17 00:00:00,4.97,N/E,4.97
2012-02-24 00:00:00,4.66,N/E,4.66
2012-03-02 00:00:00,4.83,N/E,4.83
2012-03-09 00:00:00,4.73,N/E,4.73
2012-03-16 00:00:00,4.63,4.64,4.6
2012-03-23 00:00:00,2.17,N/E,2.17
2012-03-30 00:00:00,4.69,N/E,4.69
2012-04-04 00:00:00,4.81,N/E,4.81
2012-04-13 00:00:00,5.04,N/E,5.04
2012-04-20 00:00:00,4.88,N/E,4.88
2012-04-27 00:00:00,4.7,N/E,4.7
2012-05-04 00:00:00,4.69,N/E,4.69
2012-05-11 00:00:00,4.94,N/E,4.94
2012-05-18 00:00:00,4.66,N/E,4.66
2012-05-25 00:00:00,4.76,N/E,4.76
2012-06-01 00:00:00,4.69,N/E,4.69
2012-06-08 00:00:00,4.72,N/E,4.72
2012-06-15 00:00:00,4.77,N/E,4.77
2012-06-22 00:00:00,4.61,N/E,4.61
2012-06-29 00:00:00,4.75,N/E,4.75
2012-07-06 00:00:00,4.61,N/E,4.61
2012-07-13 00:00:00,4.86,N/E,4.86
2012-07-20 00:00:00,4.66,N/E,4.66
2012-07-27 00:00:00,4.62,N/E,4.62
2012-08-03 00:00:00,5.06,N/E,5.06
2012-08-10 00:00:00,4.8,N/E,4.8
2012-08-17 00:00:00,4.83,N/E,4.83
2012-08-24 00:00:00,4.64,N/E,4.64
2012-08-31 00:00:00,4.85,N/E,4.85
2012-09-07 00:00:00,4.73,N/E,4.73
2012-09-14 00:00:00,4.85,N/E,4.85
2012-09-21 00:00:00,4.64,N/E,4.64
2012-09-28 00:00:00,4.71,N/E,4.71
2012-10-05 00:00:00,4.79,N/E,4.79
2012-10-12 00:00:00,4.71,N/E,4.71
2012-10-19 00:00:00,4.68,N/E,4.68
2012-10-26 00:00:00,4.83,N/E,4.83
2012-11-01 00:00:00,4.67,N/E,4.67
2012-11-09 00:00:00,4.79,N/E,4.79
2012-11-16 00:00:00,4.61,N/E,4.61
2012-11-23 00:00:00,4.7,N/E,4.7
2012-11-30 00:00:00,4.67,N/E,4.67
2012-12-07 00:00:00,4.75,N/E,4.75
2012-12-14 00:00:00,4.69,N/E,4.69
2012-12-21 00:00:00,4.75,N/E,4.75
2012-12-28 00:00:00,4.71,N/E,4.71
2012-12-31 00:00:00,N/E,N/E,N/E
2013-01-04 00:00:00,4.93,N/E,4.93
2013-01-11 00:00:00,4.75,N/E,4.75
2013-01-18 00:00:00,5.11,N/E,5.11
2013-01-25 00:00:00,4.64,N/E,4.64
2013-02-01 00:00:00,4.67,N/E,4.67
2013-02-08 00:00:00,4.71,N/E,4.71
2013-02-15 00:00:00,4.78,N/E,4.78
2013-02-22 00:00:00,4.69,N/E,4.69
2013-03-01 00:00:00,4.79,N/E,4.79
2013-03-08 00:00:00,4.65,N/E,4.65
2013-03-15 00:00:00,4.39,N/E,4.39
2013-03-22 00:00:00,4.35,N/E,4.35
2013-03-27 00:00:00,4.18,N/E,4.18
2013-04-05 00:00:00,4.28,N/E,4.28
2013-04-12 00:00:00,4.25,N/E,4.25
2013-04-19 00:00:00,4.7,N/E,4.7
2013-04-26 00:00:00,4.23,N/E,4.23
2013-05-03 00:00:00,4.36,N/E,4.36
2013-05-10 00:00:00,4.27,N/E,4.27
2013-05-17 00:00:00,4.34,N/E,4.34
2013-05-24 00:00:00,4.57,N/E,4.57
2013-05-31 00:00:00,4.23,N/E,4.23
2013-06-07 00:00:00,4.18,N/E,4.18
2013-06-14 00:00:00,4.31,N/E,4.31
2013-06-21 00:00:00,4.21,N/E,4.21
2013-06-28 00:00:00,4.27,N/E,4.27
2013-07-05 00:00:00,4.65,N/E,4.65
2013-07-12 00:00:00,4.24,N/E,4.24
2013-07-19 00:00:00,4.33,N/E,4.33
2013-07-26 00:00:00,4.2,N/E,4.2
2013-08-02 00:00:00,4.19,N/E,4.19
2013-08-09 00:00:00,4.25,N/E,4.25
2013-08-16 00:00:00,4.56,N/E,4.56
2013-08-23 00:00:00,4.25,N/E,4.25
2013-08-30 00:00:00,4.18,N/E,4.18
2013-09-06 00:00:00,4.28,N/E,4.28
2013-09-13 00:00:00,4.06,N/E,4.06
2013-09-20 00:00:00,3.97,N/E,3.97
2013-09-27 00:00:00,4.04,N/E,4.04
2013-10-04 00:00:00,3.94,N/E,3.94
2013-10-11 00:00:00,4.61,N/E,4.61
2013-10-18 00:00:00,3.89,N/E,3.89
2013-10-25 00:00:00,3.86,N/E,3.86
2013-11-01 00:00:00,3.69,N/E,3.69
2013-11-08 00:00:00,3.85,N/E,3.85
2013-11-15 00:00:00,3.71,N/E,3.71
2013-11-22 00:00:00,3.73,N/E,3.73
2013-11-29 00:00:00,3.74,N/E,3.74
2013-12-06 00:00:00,3.8,N/E,3.8
2013-12-13 00:00:00,3.85,N/E,3.85
2013-12-20 00:00:00,3.68,N/E,3.68
2013-12-27 00:00:00,3.7,N/E,3.7
2014-01-03 00:00:00,3.76,N/E,3.76
2014-01-10 00:00:00,3.78,N/E,3.78
2014-01-17 00:00:00,3.81,N/E,3.81
2014-01-24 00:00:00,3.71,N/E,3.71
2014-01-31 00:00:00,3.96,N/E,3.96
2014-02-07 00:00:00,3.72,N/E,3.72
2014-02-14 00:00:00,3.76,N/E,3.76
2014-02-21 00:00:00,3.74,N/E,3.74
2014-02-28 00:00:00,3.78,N/E,3.78
2014-03-07 00:00:00,3.78,N/E,3.78
2014-03-14 00:00:00,3.98,N/E,3.98
2014-03-21 00:00:00,3.79,N/E,3.79
2014-03-28 00:00:00,3.84,N/E,3.84
2014-04-04 00:00:00,3.85,N/E,3.85
2014-04-11 00:00:00,3.88,N/E,3.88
2014-04-16 00:00:00,3.69,N/E,3.69
2014-04-25 00:00:00,4.44,N/E,4.44
2014-05-02 00:00:00,3.8,N/E,3.8
2014-05-09 00:00:00,3.73,N/E,3.73
2014-05-16 00:00:00,3.81,N/E,3.81
2014-05-23 00:00:00,3.73,N/E,3.73
2014-05-30 00:00:00,3.85,N/E,3.85
2014-06-06 00:00:00,3.77,N/E,3.77
2014-06-13 00:00:00,3.2,N/E,3.2
2014-06-20 00:00:00,3.39,N/E,3.39
2014-06-27 00:00:00,3.37,N/E,3.37
2014-07-04 00:00:00,3.51,N/E,3.51
2014-07-11 00:00:00,3.22,N/E,3.22
2014-07-18 00:00:00,3.35,N/E,3.35
2014-07-25 00:00:00,3.28,N/E,3.28
2014-08-01 00:00:00,3.39,N/E,3.39
2014-08-08 00:00:00,3.17,N/E,3.17
2014-08-15 00:00:00,3.43,N/E,3.43
2014-08-22 00:00:00,3.24,N/E,3.24
2014-08-29 00:00:00,3.42,N/E,3.42
2014-09-05 00:00:00,3.15,N/E,3.15
2014-09-12 00:00:00,3.37,N/E,3.37
2014-09-19 00:00:00,3.36,N/E,3.36
2014-09-26 00:00:00,3.46,N/E,3.46
2014-10-03 00:00:00,3.02,N/E,3.02
2014-10-10 00:00:00,3.78,N/E,3.78
2014-10-17 00:00:00,3.17,N/E,3.17
2014-10-24 00:00:00,3.35,N/E,3.35
2014-10-31 00:00:00,3.13,N/E,3.13
2014-11-07 00:00:00,3.28,N/E,3.28
2014-11-14 00:00:00,3.2,N/E,3.2
2014-11-21 00:00:00,3.41,N/E,3.41
2014-11-28 00:00:00,2.83,N/E,2.83
2014-12-05 00:00:00,3.46,N/E,3.46
2014-12-11 00:00:00,3.38,N/E,3.38
2014-12-19 00:00:00,3.41,N/E,3.41
2014-12-26 00:00:00,3.27,N/E,3.27
2015-01-02 00:00:00,3.3,N/E,3.3
2015-01-09 00:00:00,3.48,N/E,3.48
2015-01-16 00:00:00,3.41,N/E,3.41
2015-01-23 00:00:00,3.27,N/E,3.27
2015-01-30 00:00:00,3.32,N/E,3.32
2015-02-06 00:00:00,3.17,N/E,3.17
2015-02-13 00:00:00,3.52,N/E,3.52
2015-02-20 00:00:00,3.38,N/E,3.38
2015-02-27 00:00:00,3.29,N/E,3.29
2015-03-06 00:00:00,3.34,N/E,3.34
2015-03-13 00:00:00,3.61,N/E,3.61
2015-03-20 00:00:00,3.38,N/E,3.38
2015-03-27 00:00:00,3.43,N/E,3.43
2015-04-01 00:00:00,3.32,N/E,3.32
2015-04-10 00:00:00,3.39,N/E,3.39
2015-04-17 00:00:00,3.16,N/E,3.16
2015-04-24 00:00:00,3.29,N/E,3.29
2015-04-30 00:00:00,3.75,N/E,3.75
2015-05-08 00:00:00,3.4,N/E,3.4
2015-05-15 00:00:00,3.4,N/E,3.4
2015-05-22 00:00:00,3.64,N/E,3.64
2015-05-29 00:00:00,3.58,N/E,3.58
2015-06-05 00:00:00,3.54,N/E,3.54
2015-06-12 00:00:00,3.19,N/E,3.19
2015-06-19 00:00:00,3.37,N/E,3.37
2015-06-26 00:00:00,3.33,N/E,3.33
2015-07-03 00:00:00,3.57,N/E,3.57
2015-07-10 00:00:00,3.23,N/E,3.23
2015-07-17 00:00:00,3.35,N/E,3.35
2015-07-24 00:00:00,3.27,N/E,3.27
2015-07-31 00:00:00,3.6,N/E,3.6
2015-08-07 00:00:00,3.23,N/E,3.23
2015-08-14 00:00:00,3.42,N/E,3.42
2015-08-21 00:00:00,3.37,N/E,3.37
2015-08-28 00:00:00,3.37,N/E,3.37
2015-09-04 00:00:00,3.29,N/E,3.29
2015-09-11 00:00:00,3.58,N/E,3.58
2015-09-18 00:00:00,3.31,N/E,3.31
2015-09-25 00:00:00,3.73,N/E,3.73
2015-10-02 00:00:00,3.35,N/E,3.35
2015-10-09 00:00:00,3.45,N/E,3.45
2015-10-16 00:00:00,3.47,N/E,3.47
2015-10-23 00:00:00,3.61,N/E,3.61
2015-10-30 00:00:00,3.51,N/E,3.51
2015-11-06 00:00:00,3.77,N/E,3.77
2015-11-13 00:00:00,3.51,N/E,3.51
2015-11-20 00:00:00,3.4,N/E,3.4
2015-11-27 00:00:00,3.99,N/E,3.99
2015-12-04 00:00:00,3.48,N/E,3.48
2015-12-11 00:00:00,3.56,N/E,3.56
2015-12-18 00:00:00,3.9,N/E,3.9
2015-12-24 00:00:00,3.99,N/E,3.99
2015-12-31 00:00:00,0,N/E,0
2016-01-08 00:00:00,3.69,N/E,3.69
2016-01-15 00:00:00,3.59,N/E,3.59
2016-01-22 00:00:00,3.86,N/E,3.86
2016-01-29 00:00:00,3.75,N/E,3.75
2016-02-05 00:00:00,3.87,N/E,3.87
2016-02-12 00:00:00,3.66,N/E,3.66
2016-02-19 00:00:00,4.09,N/E,4.09
2016-02-26 00:00:00,4.1,N/E,4.1
2016-03-04 00:00:00,4.32,N/E,4.32
2016-03-11 00:00:00,4.32,N/E,4.32
2016-03-18 00:00:00,4.11,N/E,4.11
2016-03-23 00:00:00,0,N/E,0
2016-04-01 00:00:00,4.6,N/E,4.6
2016-04-08 00:00:00,4.37,N/E,4.37
2016-04-15 00:00:00,4.34,N/E,4.34
2016-04-22 00:00:00,4.43,N/E,4.43
2016-04-29 00:00:00,4.46,N/E,4.46
2016-05-06 00:00:00,4.43,N/E,4.43
2016-05-13 00:00:00,4.18,N/E,4.18
2016-05-20 00:00:00,4.38,N/E,4.38
2016-05-27 00:00:00,4.18,N/E,4.18
2016-06-03 00:00:00,4.41,N/E,4.41
2016-06-10 00:00:00,4.27,N/E,4.27
2016-06-17 00:00:00,4.4,N/E,4.4
2016-06-24 00:00:00,4.36,N/E,4.36
2016-07-01 00:00:00,4.38,N/E,4.38
2016-07-08 00:00:00,4.64,N/E,4.64
2016-07-15 00:00:00,4.82,N/E,4.82
2016-07-22 00:00:00,4.72,N/E,4.72
2016-07-29 00:00:00,4.78,N/E,4.78
2016-08-05 00:00:00,4.67,N/E,4.67
2016-08-12 00:00:00,4.78,N/E,4.78
2016-08-19 00:00:00,4.73,N/E,4.73
2016-08-26 00:00:00,4.98,N/E,4.98
2016-09-02 00:00:00,4.71,N/E,4.71
2016-09-09 00:00:00,4.89,N/E,4.89
2016-09-15 00:00:00,4.83,N/E,4.83
2016-09-23 00:00:00,5.02,N/E,5.02
2016-09-30 00:00:00,5.13,N/E,5.13
2016-10-07 00:00:00,5.44,N/E,5.44
2016-10-14 00:00:00,5.18,N/E,5.18
2016-10-21 00:00:00,5.34,N/E,5.34
2016-10-28 00:00:00,5.32,N/E,5.32
2016-11-04 00:00:00,5.26,N/E,5.26
2016-11-11 00:00:00,5.42,N/E,5.42
2016-11-18 00:00:00,6.07,N/E,6.07
2016-11-25 00:00:00,6.01,N/E,6.01
2016-12-02 00:00:00,6.13,N/E,6.13
2016-12-09 00:00:00,6.52,N/E,6.52
2016-12-16 00:00:00,6.46,N/E,6.46
2016-12-23 00:00:00,7.85,N/E,7.85
2016-12-30 00:00:00,6.5,N/E,6.5
2017-01-06 00:00:00,6.27,N/E,6.27
2017-01-13 00:00:00,6.53,N/E,6.53
2017-01-20 00:00:00,6.62,N/E,6.62
2017-01-27 00:00:00,6.76,N/E,6.76
2017-02-03 00:00:00,6.79,N/E,6.79
2017-02-10 00:00:00,6.83,N/E,6.83
2017-02-17 00:00:00,7.14,N/E,7.14
2017-02-24 00:00:00,7.4,N/E,7.4
2017-03-03 00:00:00,7.01,N/E,7.01
2017-03-10 00:00:00,7.12,N/E,7.12
2017-03-17 00:00:00,7.2,N/E,7.2
2017-03-24 00:00:00,7.25,N/E,7.25
2017-03-31 00:00:00,7.31,N/E,7.31
2017-04-07 00:00:00,7.48,N/E,7.48
2017-04-12 00:00:00,7.18,N/E,7.18
2017-04-21 00:00:00,7.82,N/E,7.82
2017-04-28 00:00:00,7.32,N/E,7.32
2017-05-05 00:00:00,7.23,N/E,7.23
2017-05-12 00:00:00,7.14,N/E,7.14
2017-05-19 00:00:00,7.31,N/E,7.31
2017-05-26 00:00:00,7.3,N/E,7.3
2017-06-02 00:00:00,7.38,N/E,7.38
2017-06-09 00:00:00,7.29,N/E,7.29
2017-06-16 00:00:00,7.35,N/E,7.35
2017-06-23 00:00:00,7.55,N/E,7.55
2017-06-30 00:00:00,7.48,N/E,7.48
2017-07-07 00:00:00,7.33,N/E,7.33
2017-07-14 00:00:00,7.42,N/E,7.42
2017-07-21 00:00:00,7.33,N/E,7.33
2017-07-28 00:00:00,7.32,N/E,7.32
2017-08-04 00:00:00,7.44,N/E,7.44
2017-08-11 00:00:00,7.51,N/E,7.51
2017-08-18 00:00:00,7.33,N/E,7.33
2017-08-25 00:00:00,7.58,N/E,7.58
2017-09-01 00:00:00,7.32,N/E,7.32
2017-09-08 00:00:00,7.53,N/E,7.53
2017-09-15 00:00:00,7.33,N/E,7.33
2017-09-22 00:00:00,7.37,N/E,7.37
2017-09-29 00:00:00,7.47,N/E,7.47
2017-10-06 00:00:00,7.41,N/E,7.41
2017-10-13 00:00:00,7.53,N/E,7.53
2017-10-20 00:00:00,7.32,N/E,7.32
2017-10-27 00:00:00,7.32,N/E,7.32
2017-11-03 00:00:00,7.32,N/E,7.32
2017-11-10 00:00:00,7.45,N/E,7.45
2017-11-17 00:00:00,7.49,N/E,7.49
2017-11-24 00:00:00,7.42,N/E,7.42
2017-12-01 00:00:00,7.43,N/E,7.43
2017-12-08 00:00:00,7.39,N/E,7.39
2017-12-15 00:00:00,7.7,N/E,7.7
2017-12-22 00:00:00,8.69,N/E,8.69
2017-12-29 00:00:00,8.55,N/E,8.55
2018-01-05 00:00:00,7.6,N/E,7.6
2018-01-12 00:00:00,7.74,N/E,7.74
2018-01-19 00:00:00,7.5,N/E,7.5
2018-01-26 00:00:00,7.65,N/E,7.65
2018-02-02 00:00:00,7.61,N/E,7.61
2018-02-09 00:00:00,7.73,N/E,7.73
2018-02-16 00:00:00,7.76,N/E,7.76
2018-02-23 00:00:00,7.73,N/E,7.73
2018-03-02 00:00:00,7.77,N/E,7.77
2018-03-09 00:00:00,7.89,N/E,7.89
2018-03-16 00:00:00,7.74,N/E,7.74
2018-03-23 00:00:00,8,N/E,8
2018-03-28 00:00:00,8.5,N/E,8.5
2018-04-06 00:00:00,8.42,N/E,8.42
2018-04-13 00:00:00,7.79,N/E,7.79
2018-04-20 00:00:00,7.84,N/E,7.84
2018-04-27 00:00:00,7.77,N/E,7.77
2018-05-04 00:00:00,7.89,N/E,7.89
2018-05-11 00:00:00,7.85,N/E,7.85
2018-05-18 00:00:00,7.84,N/E,7.84
2018-05-25 00:00:00,7.81,N/E,7.81
2018-06-01 00:00:00,7.84,N/E,7.84
2018-06-08 00:00:00,7.78,N/E,7.78
2018-06-15 00:00:00,7.97,N/E,7.97
2018-06-22 00:00:00,8.11,N/E,8.11
2018-06-29 00:00:00,8.08,N/E,8.08
2018-07-06 00:00:00,8.02,N/E,8.02
2018-07-13 00:00:00,8.03,N/E,8.03
2018-07-20 00:00:00,8.04,N/E,8.04
2018-07-27 00:00:00,8.16,N/E,8.16
2018-08-03 00:00:00,8.04,N/E,8.04
2018-08-10 00:00:00,8.1,N/E,8.1
2018-08-17 00:00:00,8.02,N/E,8.02
2018-08-24 00:00:00,8.15,N/E,8.15
2018-08-31 00:00:00,8.08,N/E,8.08
2018-09-07 00:00:00,8.15,N/E,8.15
2018-09-14 00:00:00,8.1,N/E,8.1
2018-09-21 00:00:00,8.08,N/E,8.08
2018-09-28 00:00:00,8.16,N/E,8.16
2018-10-05 00:00:00,8.23,N/E,8.23
2018-10-12 00:00:00,8.02,N/E,8.02
2018-10-19 00:00:00,8.32,N/E,8.32
2018-10-26 00:00:00,8.01,N/E,8.01
2018-11-01 00:00:00,8.08,N/E,8.08
2018-11-09 00:00:00,8.32,N/E,8.32
2018-11-16 00:00:00,8.46,N/E,8.46
2018-11-23 00:00:00,8.35,N/E,8.35
2018-11-30 00:00:00,8.39,N/E,8.39
2018-12-07 00:00:00,8.31,N/E,8.31
2018-12-14 00:00:00,8.57,N/E,8.57
2018-12-21 00:00:00,9.57,N/E,9.57
2018-12-28 00:00:00,8.53,N/E,8.53
2019-01-04 00:00:00,8.54,N/E,8.54
2019-01-11 00:00:00,8.8,N/E,8.8
2019-01-18 00:00:00,8.72,N/E,8.72
2019-01-25 00:00:00,8.7,N/E,8.7
2019-02-01 00:00:00,8.62,N/E,8.62
2019-02-08 00:00:00,8.67,N/E,8.67
2019-02-15 00:00:00,8.63,N/E,8.63
2019-02-22 00:00:00,8.61,N/E,8.61
2019-03-01 00:00:00,8.48,N/E,8.48
2019-03-08 00:00:00,8.6,N/E,8.6
2019-03-15 00:00:00,8.57,N/E,8.57
2019-03-22 00:00:00,8.79,N/E,8.79
2019-03-29 00:00:00,8.49,N/E,8.49
2019-04-05 00:00:00,8.58,N/E,8.58
2019-04-12 00:00:00,8.58,N/E,8.58
2019-04-17 00:00:00,8.5,N/E,8.5
2019-04-26 00:00:00,9.19,N/E,9.19
2019-05-03 00:00:00,8.54,N/E,8.54
2019-05-10 00:00:00,8.49,N/E,8.49
2019-05-17 00:00:00,8.63,N/E,8.63
2019-05-24 00:00:00,8.61,N/E,8.61
2019-05-31 00:00:00,8.71,N/E,8.71
2019-06-07 00:00:00,8.52,N/E,8.52
2019-06-14 00:00:00,8.57,N/E,8.57
2019-06-21 00:00:00,8.68,N/E,8.68
2019-06-28 00:00:00,8.7,N/E,8.7
2019-07-05 00:00:00,8.54,N/E,8.54
2019-07-12 00:00:00,8.5,N/E,8.5
2019-07-19 00:00:00,8.52,N/E,8.52
2019-07-26 00:00:00,8.67,N/E,8.67
2019-08-02 00:00:00,8.53,N/E,8.53
2019-08-09 00:00:00,8.62,N/E,8.62
2019-08-16 00:00:00,8.51,N/E,8.51
2019-08-23 00:00:00,8.41,N/E,8.41
2019-08-30 00:00:00,8.44,N/E,8.44
2019-09-06 00:00:00,8.29,N/E,8.29
2019-09-13 00:00:00,8.26,N/E,8.26
2019-09-20 00:00:00,8.28,N/E,8.28
2019-09-27 00:00:00,8.24,N/E,8.24
2019-10-04 00:00:00,8.27,N/E,8.27
2019-10-11 00:00:00,8.1,N/E,8.1
2019-10-18 00:00:00,8.2,N/E,8.2
2019-10-25 00:00:00,8.04,N/E,8.04
2019-11-01 00:00:00,8.1,N/E,8.1
2019-11-08 00:00:00,7.96,N/E,7.96
2019-11-15 00:00:00,7.96,N/E,7.96
2019-11-22 00:00:00,7.84,N/E,7.84
2019-11-29 00:00:00,7.9,N/E,7.9
2019-12-06 00:00:00,7.83,N/E,7.83
2019-12-13 00:00:00,7.83,N/E,7.83
2019-12-20 00:00:00,8.43,N/E,8.43
2019-12-27 00:00:00,7.66,N/E,7.66
2020-01-03 00:00:00,7.9,N/E,7.9
2020-01-10 00:00:00,7.65,N/E,7.65
2020-01-17 00:00:00,7.62,N/E,7.62
2020-01-24 00:00:00,7.55,N/E,7.55
2020-01-31 00:00:00,7.52,N/E,7.52
2020-02-07 00:00:00,7.44,N/E,7.44
2020-02-14 00:00:00,7.49,N/E,7.49
2020-02-21 00:00:00,7.41,N/E,7.41
2020-02-28 00:00:00,7.37,N/E,7.37
2020-03-06 00:00:00,7.24,N/E,7.24
2020-03-13 00:00:00,7.32,N/E,7.32
2020-03-20 00:00:00,7.47,N/E,7.47
2020-03-27 00:00:00,6.99,N/E,6.99
2020-04-03 00:00:00,7.32,N/E,7.32
2020-04-08 00:00:00,7.22,N/E,7.22
2020-04-17 00:00:00,6.8,N/E,6.8
2020-04-24 00:00:00,6.86,N/E,6.86
2020-04-30 00:00:00,6.89,N/E,6.89
2020-05-08 00:00:00,6.76,N/E,6.76
2020-05-15 00:00:00,6.67,N/E,6.67
2020-05-22 00:00:00,6.22,N/E,6.22
2020-05-29 00:00:00,6.63,N/E,6.63
2020-06-05 00:00:00,6.36,N/E,6.36
2020-06-12 00:00:00,6.23,N/E,6.23
2020-06-19 00:00:00,6.49,N/E,6.49
2020-06-26 00:00:00,6.33,N/E,6.33
2020-07-03 00:00:00,6.12,N/E,6.12
2020-07-10 00:00:00,5.84,N/E,5.84
2020-07-17 00:00:00,6.05,N/E,6.05
2020-07-24 00:00:00,6.21,N/E,6.21
2020-07-31 00:00:00,6.29,N/E,6.29
2020-08-07 00:00:00,5.93,N/E,5.93
2020-08-14 00:00:00,5.92,N/E,5.92
2020-08-21 00:00:00,5.91,N/E,5.91
2020-08-28 00:00:00,5.9,N/E,5.9
2020-09-04 00:00:00,5.75,N/E,5.75
2020-09-11 00:00:00,5.88,N/E,5.88
2020-09-18 00:00:00,5.74,N/E,5.74
2020-09-25 00:00:00,5.86,N/E,5.86
2020-10-02 00:00:00,5.34,N/E,5.34
2020-10-09 00:00:00,5.54,N/E,5.54
2020-10-16 00:00:00,5.57,N/E,5.57
2020-10-23 00:00:00,5.32,N/E,5.32
2020-10-30 00:00:00,5.44,N/E,5.44
2020-11-06 00:00:00,5.39,N/E,5.39
2020-11-13 00:00:00,5.38,N/E,5.38
2020-11-20 00:00:00,5.32,N/E,5.32
2020-11-27 00:00:00,5.1,N/E,5.1
2020-12-04 00:00:00,5.01,N/E,5.01
2020-12-11 00:00:00,5.18,N/E,5.18
2020-12-18 00:00:00,5.72,N/E,5.72
2020-12-24 00:00:00,4.9,N/E,4.9
2020-12-31 00:00:00,4.72,N/E,4.72
2021-01-08 00:00:00,4.69,N/E,4.69
2021-01-15 00:00:00,5.21,N/E,5.21
2021-01-22 00:00:00,4.97,N/E,4.97
2021-01-29 00:00:00,4.95,N/E,4.95
2021-02-05 00:00:00,4.9,N/E,4.9
2021-02-12 00:00:00,4.83,N/E,4.83
2021-02-19 00:00:00,4.73,N/E,4.73
2021-02-26 00:00:00,4.49,N/E,4.49
2021-03-05 00:00:00,4.56,N/E,4.56
2021-03-12 00:00:00,4.62,N/E,4.62
2021-03-19 00:00:00,4.56,N/E,4.56
2021-03-26 00:00:00,4.65,N/E,4.65
2021-03-31 00:00:00,5.07,N/E,5.07
2021-04-09 00:00:00,4.63,N/E,4.63
2021-04-16 00:00:00,4.44,N/E,4.44
2021-04-23 00:00:00,4.37,N/E,4.37
2021-04-30 00:00:00,4.43,N/E,4.43
2021-05-07 00:00:00,4.55,N/E,4.55
2021-05-14 00:00:00,4.47,N/E,4.47
2021-05-21 00:00:00,4.52,N/E,4.52
2021-05-28 00:00:00,4.44,N/E,4.44
2021-06-04 00:00:00,4.63,N/E,4.63
2021-06-11 00:00:00,4.51,N/E,4.51
2021-06-18 00:00:00,4.32,N/E,4.32
2021-06-25 00:00:00,4.35,N/E,4.35
2021-07-02 00:00:00,4.68,N/E,4.68
2021-07-09 00:00:00,4.68,N/E,4.68
2021-07-16 00:00:00,4.98,N/E,4.98
2021-07-23 00:00:00,4.54,N/E,4.54
2021-07-30 00:00:00,4.68,N/E,4.68
2021-08-06 00:00:00,4.7,N/E,4.7
2021-08-13 00:00:00,4.69,N/E,4.69
2021-08-20 00:00:00,4.8,N/E,4.8
2021-08-27 00:00:00,4.96,N/E,4.96
2021-09-03 00:00:00,4.92,N/E,4.92
2021-09-10 00:00:00,4.91,N/E,4.91
2021-09-17 00:00:00,4.81,N/E,4.81
2021-09-24 00:00:00,5.03,N/E,5.03
2021-10-01 00:00:00,4.93,N/E,4.93
2021-10-08 00:00:00,5.21,N/E,5.21
2021-10-15 00:00:00,5.28,N/E,5.28
2021-10-22 00:00:00,5.17,N/E,5.17
2021-10-29 00:00:00,5.2,N/E,5.2
2021-11-05 00:00:00,5.09,N/E,5.09
2021-11-12 00:00:00,5.3,N/E,5.3
2021-11-19 00:00:00,5.47,N/E,5.47
2021-11-26 00:00:00,5.56,N/E,5.56
2021-12-03 00:00:00,5.53,N/E,5.53
2021-12-10 00:00:00,5.32,N/E,5.32
2021-12-17 00:00:00,5.82,N/E,5.82
2021-12-24 00:00:00,6.06,N/E,6.06
2021-12-31 00:00:00,6.32,N/E,6.32
2022-01-07 00:00:00,5.98,N/E,5.98
2022-01-14 00:00:00,6.04,N/E,6.04
2022-01-21 00:00:00,5.92,N/E,5.92
2022-01-28 00:00:00,5.95,N/E,5.95
2022-02-04 00:00:00,5.93,N/E,5.93
2022-02-11 00:00:00,6.15,N/E,6.15
2022-02-18 00:00:00,6.32,N/E,6.32
2022-02-25 00:00:00,6.85,N/E,6.85
2022-03-04 00:00:00,6.36,N/E,6.36
2022-03-11 00:00:00,6.42,N/E,6.42
2022-03-18 00:00:00,6.49,N/E,6.49
2022-03-25 00:00:00,6.91,N/E,6.91
2022-04-01 00:00:00,6.91,N/E,6.91
2022-04-08 00:00:00,6.8,N/E,6.8
2022-04-13 00:00:00,7.22,N/E,7.22
2022-04-22 00:00:00,7.39,N/E,7.39
2022-04-29 00:00:00,7.11,N/E,7.11
2022-05-06 00:00:00,7.07,N/E,7.07
2022-05-13 00:00:00,7.19,N/E,7.19
2022-05-20 00:00:00,7.44,N/E,7.44
2022-05-27 00:00:00,7.33,N/E,7.33
2022-06-03 00:00:00,7.48,N/E,7.48
2022-06-10 00:00:00,7.7,N/E,7.7
2022-06-17 00:00:00,7.54,N/E,7.54
2022-06-24 00:00:00,7.79,N/E,7.79
2022-07-01 00:00:00,8.14,N/E,8.14
2022-07-08 00:00:00,8.15,N/E,8.15
2022-07-15 00:00:00,8.21,N/E,8.21
2022-07-22 00:00:00,8.37,N/E,8.37
2022-07-29 00:00:00,8.95,N/E,8.95
2022-08-05 00:00:00,8.44,N/E,8.44
2022-08-12 00:00:00,9.04,N/E,9.04
2022-08-19 00:00:00,8.86,N/E,8.86
2022-08-26 00:00:00,8.85,N/E,8.85
2022-09-02 00:00:00,8.81,N/E,8.81
2022-09-09 00:00:00,8.84,N/E,8.84
2022-09-15 00:00:00,9.1,N/E,9.1
2022-09-23 00:00:00,9.06,N/E,9.06
2022-09-30 00:00:00,9.41,N/E,9.41
2022-10-07 00:00:00,9.76,N/E,9.76
2022-10-14 00:00:00,9.54,N/E,9.54
2022-10-21 00:00:00,9.72,N/E,9.72
2022-10-28 00:00:00,9.72,N/E,9.72
2022-11-04 00:00:00,9.97,N/E,9.97
2022-11-11 00:00:00,9.85,N/E,9.85
2022-11-18 00:00:00,10.35,N/E,10.35
2022-11-25 00:00:00,10.37,N/E,10.37
2022-12-02 00:00:00,10.55,N/E,10.55
2022-12-09 00:00:00,10.75,N/E,10.75
2022-12-16 00:00:00,10.59,N/E,10.59
2022-12-23 00:00:00,11.23,N/E,11.23
2022-12-30 00:00:00,10.8,N/E,10.8
2023-01-06 00:00:00,10.85,N/E,10.85
2023-01-13 00:00:00,10.98,N/E,10.98
2023-01-20 00:00:00,10.97,N/E,10.97
2023-01-27 00:00:00,10.89,N/E,10.89
2023-02-03 00:00:00,10.94,N/E,10.94
2023-02-10 00:00:00,11.02,N/E,11.02
2023-02-17 00:00:00,11.37,N/E,11.37
2023-02-24 00:00:00,11.48,N/E,11.48
2023-03-03 00:00:00,11.26,N/E,11.26
2023-03-10 00:00:00,11.41,N/E,11.41
2023-03-17 00:00:00,11.49,N/E,11.49
2023-03-24 00:00:00,11.57,N/E,11.57
2023-03-31 00:00:00,11.55,N/E,11.55
2023-04-05 00:00:00,11.79,N/E,11.79
2023-04-14 00:00:00,11.84,N/E,11.84
2023-04-21 00:00:00,11.79,N/E,11.79
2023-04-28 00:00:00,11.79,N/E,11.79
2023-05-05 00:00:00,11.77,N/E,11.77
2023-05-12 00:00:00,11.78,N/E,11.78
2023-05-19 00:00:00,11.81,N/E,11.81
2023-05-26 00:00:00,11.79,N/E,11.79
2023-06-02 00:00:00,11.83,N/E,11.83
2023-06-09 00:00:00,11.78,N/E,11.78
2023-06-16 00:00:00,11.79,N/E,11.79
2023-06-23 00:00:00,11.7,N/E,11.7
2023-06-30 00:00:00,11.85,N/E,11.85
2023-07-07 00:00:00,11.76,N/E,11.76
2023-07-14 00:00:00,11.76,N/E,11.76
2023-07-21 00:00:00,11.71,N/E,11.71
2023-07-28 00:00:00,11.8,N/E,11.8
2023-08-04 00:00:00,11.71,N/E,11.71
2023-08-11 00:00:00,11.76,N/E,11.76
2023-08-18 00:00:00,11.66,N/E,11.66
2023-08-25 00:00:00,11.7,N/E,11.7
2023-09-01 00:00:00,11.68,N/E,11.68
2023-09-08 00:00:00,11.68,N/E,11.68
2023-09-15 00:00:00,11.71,N/E,11.71
2023-09-22 00:00:00,11.66,N/E,11.66
2023-09-29 00:00:00,11.63,N/E,11.63
2023-10-06 00:00:00,11.78,N/E,11.78
2023-10-13 00:00:00,11.68,N/E,11.68
2023-10-20 00:00:00,11.66,N/E,11.66
2023-10-27 00:00:00,11.66,N/E,11.66
2023-11-03 00:00:00,11.72,N/E,11.72
2023-11-10 00:00:00,11.65,N/E,11.65
2023-11-17 00:00:00,11.66,N/E,11.66
2023-11-24 00:00:00,11.67,N/E,11.67
2023-12-01 00:00:00,11.56,N/E,11.56
2023-12-08 00:00:00,11.56,N/E,11.56
2023-12-15 00:00:00,11.6,N/E,11.6
2023-12-22 00:00:00,11.77,N/E,11.77
2023-12-29 00:00:00,11.64,N/E,11.64
2024-01-05 00:00:00,11.7,N/E,11.7
2024-01-12 00:00:00,11.62,N/E,11.62
2024-01-19 00:00:00,11.55,N/E,11.55
2024-01-26 00:00:00,11.6,N/E,11.6
2024-02-02 00:00:00,11.57,N/E,11.57
2024-02-09 00:00:00,11.51,N/E,11.51
2024-02-16 00:00:00,11.6,N/E,11.6
2024-02-23 00:00:00,11.5,N/E,11.5
2024-03-01 00:00:00,11.57,N/E,11.57
2024-03-08 00:00:00,11.56,N/E,11.56
2024-03-15 00:00:00,11.51,N/E,11.51
2024-03-22 00:00:00,11.56,N/E,11.56
2024-03-27 00:00:00,11.63,N/E,11.63
2024-04-05 00:00:00,11.36,N/E,11.36
2024-04-12 00:00:00,11.35,N/E,11.35
2024-04-19 00:00:00,11.38,N/E,11.38
2024-04-26 00:00:00,11.54,N/E,11.54
2024-05-03 00:00:00,11.39,N/E,11.39
2024-05-10 00:00:00,11.37,N/E,11.37
2024-05-17 00:00:00,11.35,N/E,11.35
2024-05-24 00:00:00,11.38,N/E,11.38
2024-05-31 00:00:00,11.39,N/E,11.39
2024-06-07 00:00:00,11.3,N/E,11.3
2024-06-14 00:00:00,11.3,N/E,11.3
2024-06-21 00:00:00,11.37,N/E,11.37
2024-06-28 00:00:00,11.32,N/E,11.32
2024-07-05 00:00:00,11.29,N/E,11.29
2024-07-12 00:00:00,11.33,N/E,11.33
2024-07-19 00:00:00,11.35,N/E,11.35
2024-07-26 00:00:00,11.32,N/E,11.32
2024-08-02 00:00:00,11.29,N/E,11.29
2024-08-09 00:00:00,11.21,N/E,11.21
2024-08-16 00:00:00,11.39,N/E,11.39
2024-08-23 00:00:00,11.07,N/E,11.07
2024-08-30 00:00:00,11.05,N/E,11.05
2024-09-06 00:00:00,11.09,N/E,11.09
2024-09-13 00:00:00,11.04,N/E,11.04
2024-09-20 00:00:00,11.01,N/E,11.01
2024-09-27 00:00:00,10.98,N/E,10.98
2024-10-04 00:00:00,10.8,N/E,10.8
2024-10-11 00:00:00,10.84,N/E,10.84
2024-10-18 00:00:00,10.86,N/E,10.86
2024-10-25 00:00:00,10.85,N/E,10.85
2024-11-01 00:00:00,10.83,N/E,10.83
2024-11-08 00:00:00,10.86,N/E,10.86
2024-11-15 00:00:00,10.85,N/E,10.85
2024-11-22 00:00:00,10.93,N/E,10.93
2024-11-29 00:00:00,10.57,N/E,10.57
2024-12-06 00:00:00,10.64,N/E,10.64
2024-12-13 00:00:00,10.67,N/E,10.67
2024-12-20 00:00:00,10.51,N/E,10.51
2024-12-27 00:00:00,10.53,N/E,10.53
2025-01-03 00:00:00,10.38,N/E,10.38
2025-01-10 00:00:00,10.47,N/E,10.47
2025-01-17 00:00:00,10.38,N/E,10.38
2025-01-24 00:00:00,10.37,N/E,10.37
2025-01-31 00:00:00,10.33,N/E,10.33
2025-02-07 00:00:00,10.3,N/E,10.3
2025-02-14 00:00:00,10.04,N/E,10.04
