Banco de México,Unnamed: 1,Unnamed: 2,Unnamed: 3,Unnamed: 4,Unnamed: 5,Unnamed: 6,Unnamed: 7
,,,,,,,
Tasas y precios de referencia,,,,,,,
Costos de Captación,,,,,,,
,,,,,,,
Fecha de consulta: 22/02/2025 05:01:42,,,,,,,
,,,,,,,
,,,,,,,
,,,,,,,
Título,"Costo de captación a plazo de pasivos en moneda nacional (CCP), Tasa en por ciento anual","Costo de captación a plazo de pasivos en moneda nacional observado (CCPO), Tasa en por ciento anual","Costo de captación a plazo de pasivos en Udis (CCP-Udis), Tasa en por ciento anual","Costo de captación a plazo de pasivos en dólares (CCP-Dólares), Tasa en por ciento anual","Costo porcentual promedio (CPP), Tasa en por ciento anual","Costo de captaciÃ³n a plazo de pasivos estables (CPPE), Tasa en por ciento anual","Tasa de interés de los pasivos a plazo, Moneda nacional, Banca de Desarrollo"
Periodo disponible,Ene 1996 - Ene 2025,Oct 2010 - Ene 2025,Ene 1995 - Ene 2025,Ene 1996 - Ene 2025,Ago 1975 - Ene 2025,Ene 2021 - Ene 2025,Ene 2000 - Ene 2025
Periodicidad,Mensual,Mensual,Mensual,Mensual,Mensual,Mensual,Mensual
Cifra,Porcentajes,Porcentajes,Porcentajes,Porcentajes,Porcentajes,Porcentajes,Porcentajes
Unidad,Porcentajes,Porcentajes,Porcentajes,Porcentajes,Porcentajes,Porcentajes,Porcentajes
Base,,,,,,,
Aviso,,,,,,,
Tipo de información,Niveles,Niveles,Niveles,Niveles,Niveles,Niveles,Niveles
Fecha,SF286,SF330232,SF3368,SF3366,SF285,SF339723,SF31980
1975-08-01 00:00:00,N/E,N/E,N/E,N/E,11.91,N/E,N/E
1975-09-01 00:00:00,N/E,N/E,N/E,N/E,11.91,N/E,N/E
1975-10-01 00:00:00,N/E,N/E,N/E,N/E,11.91,N/E,N/E
1975-11-01 00:00:00,N/E,N/E,N/E,N/E,11.92,N/E,N/E
1975-12-01 00:00:00,N/E,N/E,N/E,N/E,11.97,N/E,N/E
1976-01-01 00:00:00,N/E,N/E,N/E,N/E,11.86,N/E,N/E
1976-02-01 00:00:00,N/E,N/E,N/E,N/E,11.83,N/E,N/E
1976-03-01 00:00:00,N/E,N/E,N/E,N/E,11.78,N/E,N/E
1976-04-01 00:00:00,N/E,N/E,N/E,N/E,11.79,N/E,N/E
1976-05-01 00:00:00,N/E,N/E,N/E,N/E,11.78,N/E,N/E
1976-06-01 00:00:00,N/E,N/E,N/E,N/E,11.76,N/E,N/E
1976-07-01 00:00:00,N/E,N/E,N/E,N/E,11.74,N/E,N/E
1976-08-01 00:00:00,N/E,N/E,N/E,N/E,11.74,N/E,N/E
1976-09-01 00:00:00,N/E,N/E,N/E,N/E,11.74,N/E,N/E
1976-10-01 00:00:00,N/E,N/E,N/E,N/E,11.96,N/E,N/E
1976-11-01 00:00:00,N/E,N/E,N/E,N/E,12.03,N/E,N/E
1976-12-01 00:00:00,N/E,N/E,N/E,N/E,12.12,N/E,N/E
1977-01-01 00:00:00,N/E,N/E,N/E,N/E,12.05,N/E,N/E
1977-02-01 00:00:00,N/E,N/E,N/E,N/E,12,N/E,N/E
1977-03-01 00:00:00,N/E,N/E,N/E,N/E,11.99,N/E,N/E
1977-04-01 00:00:00,N/E,N/E,N/E,N/E,12.03,N/E,N/E
1977-05-01 00:00:00,N/E,N/E,N/E,N/E,11.93,N/E,N/E
1977-06-01 00:00:00,N/E,N/E,N/E,N/E,12.59,N/E,N/E
1977-07-01 00:00:00,N/E,N/E,N/E,N/E,13.25,N/E,N/E
1977-08-01 00:00:00,N/E,N/E,N/E,N/E,13.52,N/E,N/E
1977-09-01 00:00:00,N/E,N/E,N/E,N/E,13.57,N/E,N/E
1977-10-01 00:00:00,N/E,N/E,N/E,N/E,13.64,N/E,N/E
1977-11-01 00:00:00,N/E,N/E,N/E,N/E,13.93,N/E,N/E
1977-12-01 00:00:00,N/E,N/E,N/E,N/E,14.04,N/E,N/E
1978-01-01 00:00:00,N/E,N/E,N/E,N/E,14.33,N/E,N/E
1978-02-01 00:00:00,N/E,N/E,N/E,N/E,14.47,N/E,N/E
1978-03-01 00:00:00,N/E,N/E,N/E,N/E,14.62,N/E,N/E
1978-04-01 00:00:00,N/E,N/E,N/E,N/E,14.87,N/E,N/E
1978-05-01 00:00:00,N/E,N/E,N/E,N/E,15.02,N/E,N/E
1978-06-01 00:00:00,N/E,N/E,N/E,N/E,15.16,N/E,N/E
1978-07-01 00:00:00,N/E,N/E,N/E,N/E,15.26,N/E,N/E
1978-08-01 00:00:00,N/E,N/E,N/E,N/E,15.29,N/E,N/E
1978-09-01 00:00:00,N/E,N/E,N/E,N/E,15.38,N/E,N/E
1978-10-01 00:00:00,N/E,N/E,N/E,N/E,15.49,N/E,N/E
1978-11-01 00:00:00,N/E,N/E,N/E,N/E,15.81,N/E,N/E
1978-12-01 00:00:00,N/E,N/E,N/E,N/E,15.88,N/E,N/E
1979-01-01 00:00:00,N/E,N/E,N/E,N/E,15.98,N/E,N/E
1979-02-01 00:00:00,N/E,N/E,N/E,N/E,15.97,N/E,N/E
1979-03-01 00:00:00,N/E,N/E,N/E,N/E,15.98,N/E,N/E
1979-04-01 00:00:00,N/E,N/E,N/E,N/E,15.99,N/E,N/E
1979-05-01 00:00:00,N/E,N/E,N/E,N/E,16.02,N/E,N/E
1979-06-01 00:00:00,N/E,N/E,N/E,N/E,16.04,N/E,N/E
1979-07-01 00:00:00,N/E,N/E,N/E,N/E,16.08,N/E,N/E
1979-08-01 00:00:00,N/E,N/E,N/E,N/E,16.1,N/E,N/E
1979-09-01 00:00:00,N/E,N/E,N/E,N/E,16.51,N/E,N/E
1979-10-01 00:00:00,N/E,N/E,N/E,N/E,16.69,N/E,N/E
1979-11-01 00:00:00,N/E,N/E,N/E,N/E,17.37,N/E,N/E
1979-12-01 00:00:00,N/E,N/E,N/E,N/E,17.52,N/E,N/E
1980-01-01 00:00:00,N/E,N/E,N/E,N/E,17.9,N/E,N/E
1980-02-01 00:00:00,N/E,N/E,N/E,N/E,18.39,N/E,N/E
1980-03-01 00:00:00,N/E,N/E,N/E,N/E,19.2,N/E,N/E
1980-04-01 00:00:00,N/E,N/E,N/E,N/E,19.83,N/E,N/E
1980-05-01 00:00:00,N/E,N/E,N/E,N/E,20.39,N/E,N/E
1980-06-01 00:00:00,N/E,N/E,N/E,N/E,20.47,N/E,N/E
1980-07-01 00:00:00,N/E,N/E,N/E,N/E,20.53,N/E,N/E
1980-08-01 00:00:00,N/E,N/E,N/E,N/E,20.82,N/E,N/E
1980-09-01 00:00:00,N/E,N/E,N/E,N/E,21.51,N/E,N/E
1980-10-01 00:00:00,N/E,N/E,N/E,N/E,22.42,N/E,N/E
1980-11-01 00:00:00,N/E,N/E,N/E,N/E,22.77,N/E,N/E
1980-12-01 00:00:00,N/E,N/E,N/E,N/E,24.25,N/E,N/E
1981-01-01 00:00:00,N/E,N/E,N/E,N/E,25.46,N/E,N/E
1981-02-01 00:00:00,N/E,N/E,N/E,N/E,25.98,N/E,N/E
1981-03-01 00:00:00,N/E,N/E,N/E,N/E,26.59,N/E,N/E
1981-04-01 00:00:00,N/E,N/E,N/E,N/E,26.91,N/E,N/E
1981-05-01 00:00:00,N/E,N/E,N/E,N/E,27.22,N/E,N/E
1981-06-01 00:00:00,N/E,N/E,N/E,N/E,27.66,N/E,N/E
1981-07-01 00:00:00,N/E,N/E,N/E,N/E,28.42,N/E,N/E
1981-08-01 00:00:00,N/E,N/E,N/E,N/E,29.5,N/E,N/E
1981-09-01 00:00:00,N/E,N/E,N/E,N/E,30.45,N/E,N/E
1981-10-01 00:00:00,N/E,N/E,N/E,N/E,31.22,N/E,N/E
1981-11-01 00:00:00,N/E,N/E,N/E,N/E,31.77,N/E,N/E
1981-12-01 00:00:00,N/E,N/E,N/E,N/E,31.81,N/E,N/E
1982-01-01 00:00:00,N/E,N/E,N/E,N/E,32.34,N/E,N/E
1982-02-01 00:00:00,N/E,N/E,N/E,N/E,33.43,N/E,N/E
1982-03-01 00:00:00,N/E,N/E,N/E,N/E,33.67,N/E,N/E
1982-04-01 00:00:00,N/E,N/E,N/E,N/E,34.39,N/E,N/E
1982-05-01 00:00:00,N/E,N/E,N/E,N/E,36.26,N/E,N/E
1982-06-01 00:00:00,N/E,N/E,N/E,N/E,39.59,N/E,N/E
1982-07-01 00:00:00,N/E,N/E,N/E,N/E,43.23,N/E,N/E
1982-08-01 00:00:00,N/E,N/E,N/E,N/E,46.42,N/E,N/E
1982-09-01 00:00:00,N/E,N/E,N/E,N/E,47.88,N/E,N/E
1982-10-01 00:00:00,N/E,N/E,N/E,N/E,45.99,N/E,N/E
1982-11-01 00:00:00,N/E,N/E,N/E,N/E,45.51,N/E,N/E
1982-12-01 00:00:00,N/E,N/E,N/E,N/E,46.12,N/E,N/E
1983-01-01 00:00:00,N/E,N/E,N/E,N/E,50.29,N/E,N/E
1983-02-01 00:00:00,N/E,N/E,N/E,N/E,54.24,N/E,N/E
1983-03-01 00:00:00,N/E,N/E,N/E,N/E,56.16,N/E,N/E
1983-04-01 00:00:00,N/E,N/E,N/E,N/E,57.21,N/E,N/E
1983-05-01 00:00:00,N/E,N/E,N/E,N/E,58.14,N/E,N/E
1983-06-01 00:00:00,N/E,N/E,N/E,N/E,58.63,N/E,N/E
1983-07-01 00:00:00,N/E,N/E,N/E,N/E,58.73,N/E,N/E
1983-08-01 00:00:00,N/E,N/E,N/E,N/E,58.23,N/E,N/E
1983-09-01 00:00:00,N/E,N/E,N/E,N/E,57.78,N/E,N/E
1983-10-01 00:00:00,N/E,N/E,N/E,N/E,57.14,N/E,N/E
1983-11-01 00:00:00,N/E,N/E,N/E,N/E,56.82,N/E,N/E
1983-12-01 00:00:00,N/E,N/E,N/E,N/E,56.44,N/E,N/E
1984-01-01 00:00:00,N/E,N/E,N/E,N/E,55.95,N/E,N/E
1984-02-01 00:00:00,N/E,N/E,N/E,N/E,55.16,N/E,N/E
1984-03-01 00:00:00,N/E,N/E,N/E,N/E,53.11,N/E,N/E
1984-04-01 00:00:00,N/E,N/E,N/E,N/E,51.1,N/E,N/E
1984-05-01 00:00:00,N/E,N/E,N/E,N/E,50.12,N/E,N/E
1984-06-01 00:00:00,N/E,N/E,N/E,N/E,50.38,N/E,N/E
1984-07-01 00:00:00,N/E,N/E,N/E,N/E,50.69,N/E,N/E
1984-08-01 00:00:00,N/E,N/E,N/E,N/E,50.93,N/E,N/E
1984-09-01 00:00:00,N/E,N/E,N/E,N/E,50.6,N/E,N/E
1984-10-01 00:00:00,N/E,N/E,N/E,N/E,49.34,N/E,N/E
1984-11-01 00:00:00,N/E,N/E,N/E,N/E,48.31,N/E,N/E
1984-12-01 00:00:00,N/E,N/E,N/E,N/E,47.54,N/E,N/E
1985-01-01 00:00:00,N/E,N/E,N/E,N/E,47.17,N/E,N/E
1985-02-01 00:00:00,N/E,N/E,N/E,N/E,47.33,N/E,N/E
1985-03-01 00:00:00,N/E,N/E,N/E,N/E,49.36,N/E,N/E
1985-04-01 00:00:00,N/E,N/E,N/E,N/E,51.93,N/E,N/E
1985-05-01 00:00:00,N/E,N/E,N/E,N/E,53.76,N/E,N/E
1985-06-01 00:00:00,N/E,N/E,N/E,N/E,54.92,N/E,N/E
1985-07-01 00:00:00,N/E,N/E,N/E,N/E,57,N/E,N/E
1985-08-01 00:00:00,N/E,N/E,N/E,N/E,59.06,N/E,N/E
1985-09-01 00:00:00,N/E,N/E,N/E,N/E,60.98,N/E,N/E
1985-10-01 00:00:00,N/E,N/E,N/E,N/E,62.29,N/E,N/E
1985-11-01 00:00:00,N/E,N/E,N/E,N/E,63.39,N/E,N/E
1985-12-01 00:00:00,N/E,N/E,N/E,N/E,65.66,N/E,N/E
1986-01-01 00:00:00,N/E,N/E,N/E,N/E,68.55,N/E,N/E
1986-02-01 00:00:00,N/E,N/E,N/E,N/E,70.3,N/E,N/E
1986-03-01 00:00:00,N/E,N/E,N/E,N/E,71.79,N/E,N/E
1986-04-01 00:00:00,N/E,N/E,N/E,N/E,73.48,N/E,N/E
1986-05-01 00:00:00,N/E,N/E,N/E,N/E,75.02,N/E,N/E
1986-06-01 00:00:00,N/E,N/E,N/E,N/E,76.97,N/E,N/E
1986-07-01 00:00:00,N/E,N/E,N/E,N/E,81.36,N/E,N/E
1986-08-01 00:00:00,N/E,N/E,N/E,N/E,84.4,N/E,N/E
1986-09-01 00:00:00,N/E,N/E,N/E,N/E,87.72,N/E,N/E
1986-10-01 00:00:00,N/E,N/E,N/E,N/E,91.48,N/E,N/E
1986-11-01 00:00:00,N/E,N/E,N/E,N/E,94.19,N/E,N/E
1986-12-01 00:00:00,N/E,N/E,N/E,N/E,95.33,N/E,N/E
1987-01-01 00:00:00,N/E,N/E,N/E,N/E,95.89,N/E,N/E
1987-02-01 00:00:00,N/E,N/E,N/E,N/E,96.2,N/E,N/E
1987-03-01 00:00:00,N/E,N/E,N/E,N/E,96.25,N/E,N/E
1987-04-01 00:00:00,N/E,N/E,N/E,N/E,95.79,N/E,N/E
1987-05-01 00:00:00,N/E,N/E,N/E,N/E,94.79,N/E,N/E
1987-06-01 00:00:00,N/E,N/E,N/E,N/E,93.76,N/E,N/E
1987-07-01 00:00:00,N/E,N/E,N/E,N/E,92.91,N/E,N/E
1987-08-01 00:00:00,N/E,N/E,N/E,N/E,92.15,N/E,N/E
1987-09-01 00:00:00,N/E,N/E,N/E,N/E,91.02,N/E,N/E
1987-10-01 00:00:00,N/E,N/E,N/E,N/E,90.3,N/E,N/E
1987-11-01 00:00:00,N/E,N/E,N/E,N/E,92.37,N/E,N/E
1987-12-01 00:00:00,N/E,N/E,N/E,N/E,104.29,N/E,N/E
1988-01-01 00:00:00,N/E,N/E,N/E,N/E,122.54,N/E,N/E
1988-02-01 00:00:00,N/E,N/E,N/E,N/E,135.88,N/E,N/E
1988-03-01 00:00:00,N/E,N/E,N/E,N/E,117.16,N/E,N/E
1988-04-01 00:00:00,N/E,N/E,N/E,N/E,81.03,N/E,N/E
1988-05-01 00:00:00,N/E,N/E,N/E,N/E,60.59,N/E,N/E
1988-06-01 00:00:00,N/E,N/E,N/E,N/E,46.76,N/E,N/E
1988-07-01 00:00:00,N/E,N/E,N/E,N/E,40.72,N/E,N/E
1988-08-01 00:00:00,N/E,N/E,N/E,N/E,39.9,N/E,N/E
1988-09-01 00:00:00,N/E,N/E,N/E,N/E,39.9,N/E,N/E
1988-10-01 00:00:00,N/E,N/E,N/E,N/E,40.03,N/E,N/E
1988-11-01 00:00:00,N/E,N/E,N/E,N/E,41.65,N/E,N/E
1988-12-01 00:00:00,N/E,N/E,N/E,N/E,45.48,N/E,N/E
1989-01-01 00:00:00,N/E,N/E,N/E,N/E,49.37,N/E,N/E
1989-02-01 00:00:00,N/E,N/E,N/E,N/E,48.7,N/E,N/E
1989-03-01 00:00:00,N/E,N/E,N/E,N/E,47.3,N/E,N/E
1989-04-01 00:00:00,N/E,N/E,N/E,N/E,46.91,N/E,N/E
1989-05-01 00:00:00,N/E,N/E,N/E,N/E,49.15,N/E,N/E
1989-06-01 00:00:00,N/E,N/E,N/E,N/E,51.97,N/E,N/E
1989-07-01 00:00:00,N/E,N/E,N/E,N/E,51.5,N/E,N/E
1989-08-01 00:00:00,N/E,N/E,N/E,N/E,38.12,N/E,N/E
1989-09-01 00:00:00,N/E,N/E,N/E,N/E,35.24,N/E,N/E
1989-10-01 00:00:00,N/E,N/E,N/E,N/E,37.4,N/E,N/E
1989-11-01 00:00:00,N/E,N/E,N/E,N/E,39.51,N/E,N/E
1989-12-01 00:00:00,N/E,N/E,N/E,N/E,40.11,N/E,N/E
1990-01-01 00:00:00,N/E,N/E,N/E,N/E,42.08,N/E,N/E
1990-02-01 00:00:00,N/E,N/E,N/E,N/E,44.87,N/E,N/E
1990-03-01 00:00:00,N/E,N/E,N/E,N/E,47.15,N/E,N/E
1990-04-01 00:00:00,N/E,N/E,N/E,N/E,47.2,N/E,N/E
1990-05-01 00:00:00,N/E,N/E,N/E,N/E,42.62,N/E,N/E
1990-06-01 00:00:00,N/E,N/E,N/E,N/E,35.16,N/E,N/E
1990-07-01 00:00:00,N/E,N/E,N/E,N/E,33.05,N/E,N/E
1990-08-01 00:00:00,N/E,N/E,N/E,N/E,31.27,N/E,N/E
1990-09-01 00:00:00,N/E,N/E,N/E,N/E,31.11,N/E,N/E
1990-10-01 00:00:00,N/E,N/E,N/E,N/E,31.52,N/E,N/E
1990-11-01 00:00:00,N/E,N/E,N/E,N/E,29.56,N/E,N/E
1990-12-01 00:00:00,N/E,N/E,N/E,N/E,29.23,N/E,N/E
1991-01-01 00:00:00,N/E,N/E,N/E,N/E,27.14,N/E,N/E
1991-02-01 00:00:00,N/E,N/E,N/E,N/E,25.71,N/E,N/E
1991-03-01 00:00:00,N/E,N/E,N/E,N/E,24.29,N/E,N/E
1991-04-01 00:00:00,N/E,N/E,N/E,N/E,23.62,N/E,N/E
1991-05-01 00:00:00,N/E,N/E,N/E,N/E,23.1,N/E,N/E
1991-06-01 00:00:00,N/E,N/E,N/E,N/E,21.79,N/E,N/E
1991-07-01 00:00:00,N/E,N/E,N/E,N/E,20.99,N/E,N/E
1991-08-01 00:00:00,N/E,N/E,N/E,N/E,20.55,N/E,N/E
1991-09-01 00:00:00,N/E,N/E,N/E,N/E,21.72,N/E,N/E
1991-10-01 00:00:00,N/E,N/E,N/E,N/E,21.29,N/E,N/E
1991-11-01 00:00:00,N/E,N/E,N/E,N/E,20.52,N/E,N/E
1991-12-01 00:00:00,N/E,N/E,N/E,N/E,19.95,N/E,N/E
1992-01-01 00:00:00,N/E,N/E,N/E,N/E,18.98,N/E,N/E
1992-02-01 00:00:00,N/E,N/E,N/E,N/E,18.22,N/E,N/E
1992-03-01 00:00:00,N/E,N/E,N/E,N/E,16.6,N/E,N/E
1992-04-01 00:00:00,N/E,N/E,N/E,N/E,15.75,N/E,N/E
1992-05-01 00:00:00,N/E,N/E,N/E,N/E,15.56,N/E,N/E
1992-06-01 00:00:00,N/E,N/E,N/E,N/E,16.01,N/E,N/E
1992-07-01 00:00:00,N/E,N/E,N/E,N/E,18.07,N/E,N/E
1992-08-01 00:00:00,N/E,N/E,N/E,N/E,19.54,N/E,N/E
1992-09-01 00:00:00,N/E,N/E,N/E,N/E,20.16,N/E,N/E
1992-10-01 00:00:00,N/E,N/E,N/E,N/E,21.86,N/E,N/E
1992-11-01 00:00:00,N/E,N/E,N/E,N/E,21.79,N/E,N/E
1992-12-01 00:00:00,N/E,N/E,N/E,N/E,22.76,N/E,N/E
1993-01-01 00:00:00,N/E,N/E,N/E,N/E,22.79,N/E,N/E
1993-02-01 00:00:00,N/E,N/E,N/E,N/E,22.72,N/E,N/E
1993-03-01 00:00:00,N/E,N/E,N/E,N/E,21.31,N/E,N/E
1993-04-01 00:00:00,N/E,N/E,N/E,N/E,20.16,N/E,N/E
1993-05-01 00:00:00,N/E,N/E,N/E,N/E,19.75,N/E,N/E
1993-06-01 00:00:00,N/E,N/E,N/E,N/E,18.68,N/E,N/E
1993-07-01 00:00:00,N/E,N/E,N/E,N/E,17.36,N/E,N/E
1993-08-01 00:00:00,N/E,N/E,N/E,N/E,16.91,N/E,N/E
1993-09-01 00:00:00,N/E,N/E,N/E,N/E,16.18,N/E,N/E
1993-10-01 00:00:00,N/E,N/E,N/E,N/E,15.57,N/E,N/E
1993-11-01 00:00:00,N/E,N/E,N/E,N/E,16.62,N/E,N/E
1993-12-01 00:00:00,N/E,N/E,N/E,N/E,14.68,N/E,N/E
1994-01-01 00:00:00,N/E,N/E,N/E,N/E,13.22,N/E,N/E
1994-02-01 00:00:00,N/E,N/E,N/E,N/E,11.96,N/E,N/E
1994-03-01 00:00:00,N/E,N/E,N/E,N/E,11.53,N/E,N/E
1994-04-01 00:00:00,N/E,N/E,N/E,N/E,14.16,N/E,N/E
1994-05-01 00:00:00,N/E,N/E,N/E,N/E,17.03,N/E,N/E
1994-06-01 00:00:00,N/E,N/E,N/E,N/E,17.18,N/E,N/E
1994-07-01 00:00:00,N/E,N/E,N/E,N/E,17.82,N/E,N/E
1994-08-01 00:00:00,N/E,N/E,N/E,N/E,17.16,N/E,N/E
1994-09-01 00:00:00,N/E,N/E,N/E,N/E,16.73,N/E,N/E
1994-10-01 00:00:00,N/E,N/E,N/E,N/E,15.96,N/E,N/E
1994-11-01 00:00:00,N/E,N/E,N/E,N/E,16.34,N/E,N/E
1994-12-01 00:00:00,N/E,N/E,N/E,N/E,16.96,N/E,N/E
1995-01-01 00:00:00,N/E,N/E,N/E,N/E,29.87,N/E,N/E
1995-02-01 00:00:00,N/E,N/E,N/E,N/E,35.98,N/E,N/E
1995-03-01 00:00:00,N/E,N/E,N/E,N/E,56.82,N/E,N/E
1995-04-01 00:00:00,N/E,N/E,N/E,N/E,70.26,N/E,N/E
1995-05-01 00:00:00,N/E,N/E,N/E,N/E,57.86,N/E,N/E
1995-06-01 00:00:00,N/E,N/E,N/E,N/E,46.39,N/E,N/E
1995-07-01 00:00:00,N/E,N/E,N/E,N/E,41.42,N/E,N/E
1995-08-01 00:00:00,N/E,N/E,N/E,N/E,37.1,N/E,N/E
1995-09-01 00:00:00,N/E,N/E,N/E,N/E,34.61,N/E,N/E
1995-10-01 00:00:00,N/E,N/E,N/E,N/E,37.08,N/E,N/E
1995-11-01 00:00:00,N/E,N/E,6.62,N/E,47.54,N/E,N/E
1995-12-01 00:00:00,N/E,N/E,6.99,N/E,46.54,N/E,N/E
1996-01-01 00:00:00,N/E,N/E,7.15,N/E,40.18,N/E,N/E
1996-02-01 00:00:00,37.22,N/E,8.05,N/E,35.91,N/E,N/E
1996-03-01 00:00:00,40.33,N/E,8.32,N/E,39.12,N/E,N/E
1996-04-01 00:00:00,36.61,N/E,8.36,7.59,35.21,N/E,N/E
1996-05-01 00:00:00,30.54,N/E,8.3,7.39,29.38,N/E,N/E
1996-06-01 00:00:00,27.96,N/E,8.09,7.32,27.05,N/E,N/E
1996-07-01 00:00:00,30.01,N/E,8.11,7.36,29.18,N/E,N/E
1996-08-01 00:00:00,28.58,N/E,7.98,7.12,27.52,N/E,N/E
1996-09-01 00:00:00,25.84,N/E,7.77,7.08,24.92,N/E,N/E
1996-10-01 00:00:00,25.79,N/E,7.91,7.05,25.04,N/E,N/E
1996-11-01 00:00:00,29.01,N/E,7.71,6.92,28.03,N/E,N/E
1996-12-01 00:00:00,28.19,N/E,7.27,6.88,26.97,N/E,N/E
1997-01-01 00:00:00,25.29,N/E,6.61,6.77,24.08,N/E,N/E
1997-02-01 00:00:00,22.09,N/E,6.32,6.75,21.06,N/E,N/E
1997-03-01 00:00:00,21.82,N/E,6.42,6.72,21.1,N/E,N/E
1997-04-01 00:00:00,21.91,N/E,6.55,6.63,21.07,N/E,N/E
1997-05-01 00:00:00,19.59,N/E,6.78,6.65,18.73,N/E,N/E
1997-06-01 00:00:00,19.6,N/E,6.9,6.62,18.78,N/E,N/E
1997-07-01 00:00:00,18.97,N/E,7.2,6.59,18.05,N/E,N/E
1997-08-01 00:00:00,18.21,N/E,7.21,6.63,17.34,N/E,N/E
1997-09-01 00:00:00,18.12,N/E,7.05,6.55,17.18,N/E,N/E
1997-10-01 00:00:00,17.36,N/E,6.55,6.58,16.56,N/E,N/E
1997-11-01 00:00:00,18.63,N/E,5.76,6.54,17.74,N/E,N/E
1997-12-01 00:00:00,18.87,N/E,5.78,6.56,17.79,N/E,N/E
1998-01-01 00:00:00,17.91,N/E,5.52,6.51,16.98,N/E,N/E
1998-02-01 00:00:00,17.95,N/E,5.54,6.47,17.03,N/E,N/E
1998-03-01 00:00:00,18.36,N/E,5.6,6.48,17.37,N/E,N/E
1998-04-01 00:00:00,18.65,N/E,5.62,6.43,17.66,N/E,N/E
1998-05-01 00:00:00,17.72,N/E,5.76,6.4,16.85,N/E,N/E
1998-06-01 00:00:00,18.18,N/E,5.78,6.41,17.24,N/E,N/E
1998-07-01 00:00:00,18.86,N/E,5.72,6.42,17.75,N/E,N/E
1998-08-01 00:00:00,20.07,N/E,5.83,6.46,19.05,N/E,N/E
1998-09-01 00:00:00,29.57,N/E,5.84,6.44,27.54,N/E,N/E
1998-10-01 00:00:00,31.43,N/E,5.94,6.35,29.28,N/E,N/E
1998-11-01 00:00:00,29.45,N/E,6.13,6.31,27.76,N/E,N/E
1998-12-01 00:00:00,30.47,N/E,5.98,6.29,28.56,N/E,N/E
1999-01-01 00:00:00,30.01,N/E,5.33,6.28,28.31,N/E,N/E
1999-02-01 00:00:00,28.64,N/E,3.36,6.26,26.9,N/E,N/E
1999-03-01 00:00:00,24.21,N/E,3.33,6.3,22.84,N/E,N/E
1999-04-01 00:00:00,20.31,N/E,3.48,6.28,19.16,N/E,N/E
1999-05-01 00:00:00,18.95,N/E,3.77,6.25,17.82,N/E,N/E
1999-06-01 00:00:00,19.75,N/E,3.88,6.23,18.62,N/E,N/E
1999-07-01 00:00:00,19.09,N/E,3.87,6.24,18.08,N/E,N/E
1999-08-01 00:00:00,19.18,N/E,4.15,6.28,18.17,N/E,N/E
1999-09-01 00:00:00,18.96,N/E,4.24,6.27,17.94,N/E,N/E
1999-10-01 00:00:00,18.11,N/E,4.34,6.36,17.25,N/E,N/E
1999-11-01 00:00:00,17.1,N/E,4.63,6.48,16.26,N/E,N/E
1999-12-01 00:00:00,16.34,N/E,4.4,6.57,15.42,N/E,N/E
2000-01-01 00:00:00,16.28,N/E,4.35,6.6,15.29,N/E,N/E
2000-02-01 00:00:00,16.07,N/E,4.28,6.68,15.18,N/E,N/E
2000-03-01 00:00:00,14.42,N/E,3.91,6.71,13.67,N/E,N/E
2000-04-01 00:00:00,13.12,N/E,3.78,6.75,12.48,N/E,N/E
2000-05-01 00:00:00,13.29,N/E,3.81,6.8,12.51,N/E,N/E
2000-06-01 00:00:00,14.42,N/E,3.89,6.88,13.53,N/E,N/E
2000-07-01 00:00:00,13.84,N/E,3.87,6.86,12.98,N/E,N/E
2000-08-01 00:00:00,13.98,N/E,4.03,6.83,13.05,N/E,N/E
2000-09-01 00:00:00,14.16,N/E,4.11,6.76,13.29,N/E,N/E
2000-10-01 00:00:00,14.44,N/E,4.07,6.84,13.51,N/E,N/E
2000-11-01 00:00:00,15.56,N/E,4.31,6.78,14.44,N/E,N/E
2000-12-01 00:00:00,15.55,N/E,4.27,6.77,14.39,N/E,17.69
2001-01-01 00:00:00,15.96,N/E,4.49,6.61,14.66,N/E,17.73
2001-02-01 00:00:00,15.82,N/E,4.76,6.49,14.63,N/E,17.4
2001-03-01 00:00:00,15.12,N/E,4.68,6.34,14.08,N/E,16.74
2001-04-01 00:00:00,14.33,N/E,4.69,6.17,13.32,N/E,16.21
2001-05-01 00:00:00,12.65,N/E,4.78,5.82,11.79,N/E,14.78
2001-06-01 00:00:00,10.15,N/E,4.96,5.5,9.47,N/E,12.23
2001-07-01 00:00:00,8.97,N/E,5.47,5.16,8.24,N/E,11.11
2001-08-01 00:00:00,8.04,N/E,5.6,4.76,7.45,N/E,9.65
2001-09-01 00:00:00,8.16,N/E,5.77,4.61,7.52,N/E,9.98
2001-10-01 00:00:00,8.53,N/E,5.89,4.48,7.89,N/E,10.23
2001-11-01 00:00:00,7.22,N/E,5.96,4.17,6.58,N/E,8.93
2001-12-01 00:00:00,6.49,N/E,6.03,3.88,5.81,N/E,7.99
2002-01-01 00:00:00,6.19,N/E,6.17,3.66,5.52,N/E,7.73
2002-02-01 00:00:00,6.76,N/E,6.19,3.58,6.01,N/E,8.49
2002-03-01 00:00:00,6.54,N/E,6.46,3.37,5.82,N/E,8.33
2002-04-01 00:00:00,5.46,N/E,5.81,3.34,4.86,N/E,7.09
2002-05-01 00:00:00,5.71,N/E,5.78,3.33,5.02,N/E,7.32
2002-06-01 00:00:00,6.15,N/E,5.74,3.32,5.37,N/E,7.77
2002-07-01 00:00:00,6.37,N/E,5.73,3.26,5.56,N/E,7.87
2002-08-01 00:00:00,5.81,N/E,5.72,3.21,5.05,N/E,7.06
2002-09-01 00:00:00,5.97,N/E,5.59,3.24,5.17,N/E,7.4
2002-10-01 00:00:00,6.47,N/E,5.54,3.12,5.48,N/E,8.05
2002-11-01 00:00:00,6.38,N/E,5.5,3.09,5.37,N/E,7.77
2002-12-01 00:00:00,6.21,N/E,5.56,3.1,5.13,N/E,7.71
2003-01-01 00:00:00,6.42,N/E,5.51,3.17,5.37,N/E,8.31
2003-02-01 00:00:00,7.16,N/E,5.4,3.21,6.26,N/E,9.15
2003-03-01 00:00:00,7.24,N/E,5.44,3.12,6.38,N/E,9.36
2003-04-01 00:00:00,6.71,N/E,5.45,2.91,5.89,N/E,8.42
2003-05-01 00:00:00,5.03,N/E,5.5,2.89,4.37,N/E,6.41
2003-06-01 00:00:00,4.5,N/E,5.59,3.07,3.91,N/E,5.64
2003-07-01 00:00:00,4.14,N/E,5.7,2.88,3.59,N/E,5.25
2003-08-01 00:00:00,3.83,N/E,5.79,2.92,3.33,N/E,4.9
2003-09-01 00:00:00,3.87,N/E,6.14,2.86,3.34,N/E,5.02
2003-10-01 00:00:00,4.16,N/E,6.25,2.82,3.59,N/E,5.4
2003-11-01 00:00:00,4.07,N/E,6.26,2.76,3.48,N/E,5.37
2003-12-01 00:00:00,4.66,N/E,5.95,2.79,3.91,N/E,6.11
2004-01-01 00:00:00,4.36,N/E,5.5,2.59,3.67,N/E,5.73
2004-02-01 00:00:00,4.28,N/E,4.76,2.51,3.64,N/E,5.7
2004-03-01 00:00:00,4.93,N/E,4.79,2.75,4.19,N/E,6.38
2004-04-01 00:00:00,4.82,N/E,4.8,3.01,4.12,N/E,6.16
2004-05-01 00:00:00,5.09,N/E,5.29,2.98,4.3,N/E,6.53
2004-06-01 00:00:00,5.17,N/E,5.36,2.94,4.41,N/E,6.66
2004-07-01 00:00:00,5.38,N/E,4.49,2.96,4.59,N/E,6.87
2004-08-01 00:00:00,5.61,N/E,4.5,3.02,4.77,N/E,7.18
2004-09-01 00:00:00,5.82,N/E,4.48,3.03,5.03,N/E,7.47
2004-10-01 00:00:00,6.08,N/E,4.58,2.97,5.26,N/E,7.82
2004-11-01 00:00:00,6.47,N/E,4.74,3.06,5.63,N/E,8.21
2004-12-01 00:00:00,6.92,N/E,5.25,3.05,5.84,N/E,8.74
2005-01-01 00:00:00,6.99,N/E,5.46,3.11,5.85,N/E,8.91
2005-02-01 00:00:00,7.19,N/E,5.61,3.26,6.08,N/E,9.17
2005-03-01 00:00:00,7.52,N/E,5.63,3.27,6.39,N/E,9.41
2005-04-01 00:00:00,7.78,N/E,5.67,3.4,6.61,N/E,9.67
2005-05-01 00:00:00,8.02,N/E,5.69,3.49,6.78,N/E,9.81
2005-06-01 00:00:00,7.99,N/E,5.78,3.58,6.71,N/E,9.83
2005-07-01 00:00:00,7.96,N/E,5.56,3.61,6.72,N/E,9.86
2005-08-01 00:00:00,8.03,N/E,5.33,3.77,6.84,N/E,9.85
2005-09-01 00:00:00,7.88,N/E,5.32,3.87,6.71,N/E,9.63
2005-10-01 00:00:00,7.73,N/E,5.32,3.92,6.62,N/E,9.4
2005-11-01 00:00:00,7.45,N/E,5.32,4.03,6.38,N/E,9.16
2005-12-01 00:00:00,7.15,N/E,5.36,4.04,5.89,N/E,8.78
2006-01-01 00:00:00,6.89,N/E,5.4,4.03,5.73,N/E,8.57
2006-02-01 00:00:00,6.56,N/E,5.43,3.95,5.57,N/E,8.07
2006-03-01 00:00:00,6.41,N/E,5.43,3.65,5.5,N/E,7.78
2006-04-01 00:00:00,6.21,N/E,5.46,3.73,5.22,N/E,7.67
2006-05-01 00:00:00,6.05,N/E,5.48,3.81,5.09,N/E,7.31
2006-06-01 00:00:00,5.93,N/E,5.73,4.01,5.08,N/E,7.3
2006-07-01 00:00:00,5.81,N/E,6.59,4.11,4.95,N/E,7.31
2006-08-01 00:00:00,5.81,N/E,5.21,4.16,4.97,N/E,7.32
2006-09-01 00:00:00,5.71,N/E,5.15,4.19,4.89,N/E,7.32
2006-10-01 00:00:00,5.77,N/E,5.15,4.29,4.92,N/E,7.3
2006-11-01 00:00:00,5.76,N/E,5.12,4.38,4.94,N/E,7.3
2006-12-01 00:00:00,5.78,N/E,5.25,4.28,4.82,N/E,7.32
2007-01-01 00:00:00,5.81,N/E,5.34,4.26,4.83,N/E,7.32
2007-02-01 00:00:00,5.82,N/E,5.24,4.43,4.82,N/E,7.33
2007-03-01 00:00:00,5.85,N/E,5.25,4.42,4.92,N/E,7.31
2007-04-01 00:00:00,5.84,N/E,5.1,4.41,4.86,N/E,7.32
2007-05-01 00:00:00,5.97,N/E,5.11,4.45,4.92,N/E,7.48
2007-06-01 00:00:00,5.98,N/E,4.8,4.51,5.01,N/E,7.51
2007-07-01 00:00:00,5.97,N/E,4.77,4.46,5.03,N/E,7.52
2007-08-01 00:00:00,6.02,N/E,4.75,4.54,5.05,N/E,7.52
2007-09-01 00:00:00,6.04,N/E,4.75,4.57,5.08,N/E,7.5
2007-10-01 00:00:00,6.09,N/E,4.71,4.44,5.14,N/E,7.53
2007-11-01 00:00:00,6.22,N/E,4.66,4.4,5.26,N/E,7.65
2007-12-01 00:00:00,6.24,N/E,4.64,4.34,5.13,N/E,7.67
2008-01-01 00:00:00,6.29,N/E,4.63,4.21,5.2,N/E,7.67
2008-02-01 00:00:00,6.41,N/E,4.63,3.84,5.39,N/E,7.71
2008-03-01 00:00:00,6.43,N/E,4.66,3.53,5.41,N/E,7.69
2008-04-01 00:00:00,6.44,N/E,4.68,3.33,5.45,N/E,7.69
2008-05-01 00:00:00,6.48,N/E,4.7,3.2,5.48,N/E,7.71
2008-06-01 00:00:00,6.54,N/E,4.71,3.1,5.53,N/E,7.75
2008-07-01 00:00:00,6.7,N/E,4.78,3,5.69,N/E,7.95
2008-08-01 00:00:00,6.91,N/E,4.8,2.96,5.85,N/E,8.19
2008-09-01 00:00:00,7.05,N/E,4.81,3.07,5.99,N/E,8.32
2008-10-01 00:00:00,7.14,N/E,4.81,3.02,6.09,N/E,8.12
2008-11-01 00:00:00,7.17,N/E,4.83,3.02,6.17,N/E,8.19
2008-12-01 00:00:00,7.2,N/E,4.83,2.94,6.02,N/E,8.34
2009-01-01 00:00:00,7.01,N/E,4.85,2.96,5.82,N/E,8.25
2009-02-01 00:00:00,6.69,N/E,4.85,3.07,5.58,N/E,7.88
2009-03-01 00:00:00,6.4,N/E,4.85,2.72,5.37,N/E,7.58
2009-04-01 00:00:00,5.85,N/E,4.86,2.52,4.95,N/E,6.89
2009-05-01 00:00:00,5.18,N/E,4.86,2.61,4.38,N/E,6.11
2009-06-01 00:00:00,4.69,N/E,4.85,2.6,3.95,N/E,5.6
2009-07-01 00:00:00,4.32,N/E,4.8,2.57,3.63,N/E,5.26
2009-08-01 00:00:00,4.13,N/E,4.73,2.47,3.47,N/E,5.09
2009-09-01 00:00:00,4.11,N/E,4.59,2.56,3.46,N/E,5.06
2009-10-01 00:00:00,4.12,N/E,4.37,2.5,3.47,N/E,5.07
2009-11-01 00:00:00,4.13,N/E,4.22,2.58,3.45,N/E,4.98
2009-12-01 00:00:00,4.16,N/E,4.25,2.31,3.42,N/E,4.95
2010-01-01 00:00:00,4.18,N/E,4.28,2.08,3.44,N/E,4.95
2010-02-01 00:00:00,4.17,N/E,4.34,2.24,3.41,N/E,4.95
2010-03-01 00:00:00,4.15,N/E,4.43,1.93,3.4,N/E,4.91
2010-04-01 00:00:00,4.13,N/E,4.63,2.08,3.4,N/E,4.92
2010-05-01 00:00:00,4.14,N/E,4.78,2.56,3.4,N/E,4.92
2010-06-01 00:00:00,4.17,N/E,4.53,2.6,3.43,N/E,4.92
2010-07-01 00:00:00,4.19,N/E,4.16,2.51,3.43,N/E,4.9
2010-08-01 00:00:00,4.21,N/E,4,2.22,3.45,N/E,4.88
2010-09-01 00:00:00,4.21,N/E,3.88,2.12,3.47,N/E,4.85
2010-10-01 00:00:00,4.2,4.21,3.81,2.03,3.44,N/E,4.77
2010-11-01 00:00:00,4.12,4.14,3.77,1.91,3.35,N/E,4.75
2010-12-01 00:00:00,4.14,4.15,3.79,1.87,3.28,N/E,4.75
2011-01-01 00:00:00,4.18,4.17,3.78,1.84,3.29,N/E,4.76
2011-02-01 00:00:00,4.15,4.16,3.83,1.85,3.31,N/E,4.74
2011-03-01 00:00:00,4.17,4.17,3.86,2.1,3.34,N/E,4.71
2011-04-01 00:00:00,4.21,4.19,4.15,2.13,3.38,N/E,4.69
2011-05-01 00:00:00,4.2,4.2,4.44,2.15,3.35,N/E,4.66
2011-06-01 00:00:00,4.22,4.21,4.44,2.21,3.38,N/E,4.64
2011-07-01 00:00:00,4.22,4.22,3.82,2.12,3.39,N/E,4.65
2011-08-01 00:00:00,4.19,4.18,3.68,2.25,3.33,N/E,4.65
2011-09-01 00:00:00,4.16,4.16,3.67,2.33,3.33,N/E,4.62
2011-10-01 00:00:00,4.17,4.17,3.67,2.2,3.35,N/E,4.61
2011-11-01 00:00:00,4.16,4.16,3.67,2.26,3.32,N/E,4.63
2011-12-01 00:00:00,4.17,4.17,3.67,2.35,3.26,N/E,4.67
2012-01-01 00:00:00,4.19,4.18,3.67,2.34,3.23,N/E,4.71
2012-02-01 00:00:00,4.18,4.17,4.25,2.38,3.26,N/E,4.73
2012-03-01 00:00:00,4.19,4.18,4.45,2.22,3.26,N/E,4.74
2012-04-01 00:00:00,4.19,4.17,4.45,2.32,3.28,N/E,4.76
2012-05-01 00:00:00,4.17,4.18,4.45,2.66,3.25,N/E,4.76
2012-06-01 00:00:00,4.19,4.19,4.45,2.75,3.24,N/E,4.75
2012-07-01 00:00:00,4.17,4.17,4.45,2.76,3.22,N/E,4.77
2012-08-01 00:00:00,4.16,4.16,4.45,2.87,3.22,N/E,4.8
2012-09-01 00:00:00,4.17,4.19,4.45,3.19,3.26,N/E,4.8
2012-10-01 00:00:00,4.22,4.22,4.46,3.24,3.28,N/E,4.84
2012-11-01 00:00:00,4.24,4.24,4.45,3.48,3.3,N/E,4.88
2012-12-01 00:00:00,4.27,4.26,4.45,3.23,3.25,N/E,4.92
2013-01-01 00:00:00,4.25,4.25,4.31,3.23,3.24,N/E,4.92
2013-02-01 00:00:00,4.25,4.25,4.31,3.58,3.29,N/E,4.95
2013-03-01 00:00:00,4.09,4.09,4.31,3.6,3.18,N/E,4.7
2013-04-01 00:00:00,3.93,3.93,4.32,3.38,3.03,N/E,4.53
2013-05-01 00:00:00,3.86,3.88,4.32,3.54,2.99,N/E,4.54
2013-06-01 00:00:00,3.84,3.85,4.32,3.58,2.97,N/E,4.52
2013-07-01 00:00:00,3.84,3.84,4.32,3.66,2.94,N/E,4.52
2013-08-01 00:00:00,3.85,3.86,4.31,3.58,2.98,N/E,4.52
2013-09-01 00:00:00,3.67,3.78,4.31,3.63,2.83,N/E,4.43
2013-10-01 00:00:00,3.67,3.66,4.25,3.65,2.85,N/E,4.3
2013-11-01 00:00:00,3.53,3.53,4.25,3.78,2.74,N/E,4.17
2013-12-01 00:00:00,3.51,3.51,4.25,3.63,2.64,N/E,4.17
2014-01-01 00:00:00,3.47,3.47,4.25,3.54,2.57,N/E,4.11
2014-02-01 00:00:00,3.46,3.43,4.25,3.96,2.61,N/E,4.12
2014-03-01 00:00:00,3.44,3.42,4.26,3.73,2.54,N/E,4.12
2014-04-01 00:00:00,3.41,3.41,4.29,3.83,2.55,N/E,4.15
2014-05-01 00:00:00,3.42,3.43,4.31,3.86,2.6,N/E,4.18
2014-06-01 00:00:00,3.3,3.29,4.17,3.85,2.5,N/E,4.02
2014-07-01 00:00:00,3.12,3.11,4.31,3.85,2.35,N/E,3.87
2014-08-01 00:00:00,3.05,3.05,4.31,3.73,2.3,N/E,3.89
2014-09-01 00:00:00,3.02,3.02,4.32,3.86,2.28,N/E,3.83
2014-10-01 00:00:00,3.03,3.03,4.32,3.71,2.26,N/E,3.84
2014-11-01 00:00:00,3.04,3.03,4.32,3.79,2.25,N/E,3.82
2014-12-01 00:00:00,3.03,3.04,4.32,3.61,2.15,N/E,3.87
2015-01-01 00:00:00,3.01,3.03,4.32,3.42,2.2,N/E,3.83
2015-02-01 00:00:00,3.01,3.01,4.32,3.77,2.24,N/E,3.82
2015-03-01 00:00:00,3,3.01,4.32,3.59,2.21,N/E,3.82
2015-04-01 00:00:00,3.02,3.02,4.32,3.66,2.23,N/E,3.84
2015-05-01 00:00:00,3.02,3.02,4.32,3.67,2.24,N/E,3.87
2015-06-01 00:00:00,3.03,3.03,4.32,3.82,2.23,N/E,3.86
2015-07-01 00:00:00,3.03,3.02,4.33,3.74,2.15,N/E,3.96
2015-08-01 00:00:00,3.03,3.03,4.33,3.78,2.13,N/E,3.98
2015-09-01 00:00:00,3.04,3.04,4.33,3.69,2.16,N/E,4.03
2015-10-01 00:00:00,3.03,3.03,4.34,3.73,2.16,N/E,3.98
2015-11-01 00:00:00,3.02,3.03,4.34,3.88,2.13,N/E,3.95
2015-12-01 00:00:00,3.06,3.06,4.35,3.77,2.11,N/E,4.02
2016-01-01 00:00:00,3.13,3.13,4.35,3.8,2.19,N/E,4.11
2016-02-01 00:00:00,3.2,3.19,4.35,4,2.24,N/E,4.19
2016-03-01 00:00:00,3.4,3.41,4.36,3.8,2.4,N/E,4.42
2016-04-01 00:00:00,3.48,3.5,4.36,3.41,2.47,N/E,4.46
2016-05-01 00:00:00,3.54,3.55,4.36,3.41,2.53,N/E,4.49
2016-06-01 00:00:00,3.59,3.58,4.36,3.43,2.57,N/E,4.59
2016-07-01 00:00:00,3.75,3.73,4.36,3.46,2.67,N/E,4.77
2016-08-01 00:00:00,3.88,3.88,4.36,3.62,2.75,N/E,4.86
2016-09-01 00:00:00,3.94,3.92,4.36,3.75,2.82,N/E,4.87
2016-10-01 00:00:00,4.15,4.15,4.39,3.89,2.98,N/E,5.17
2016-11-01 00:00:00,4.32,4.33,4.41,3.98,3.11,N/E,5.33
2016-12-01 00:00:00,4.69,4.7,4.41,3.94,3.28,N/E,5.71
2017-01-01 00:00:00,5.08,5,4.41,4.07,3.6,N/E,5.97
2017-02-01 00:00:00,5.2,5.18,4.28,4.24,3.72,N/E,6.21
2017-03-01 00:00:00,5.41,5.44,4.28,3.96,3.93,N/E,6.41
2017-04-01 00:00:00,5.6,5.62,4.48,4.1,4.07,N/E,6.57
2017-05-01 00:00:00,5.74,5.76,4.48,4.01,4.18,N/E,6.64
2017-06-01 00:00:00,5.9,5.9,4.48,3.98,4.31,N/E,6.82
2017-07-01 00:00:00,6,6.05,4.48,4.1,4.33,N/E,6.97
2017-08-01 00:00:00,6.12,6.12,4.48,4.06,4.48,N/E,6.98
2017-09-01 00:00:00,6.14,6.15,4.48,4.22,4.51,N/E,6.99
2017-10-01 00:00:00,6.16,6.17,4.48,4.14,4.56,N/E,6.98
2017-11-01 00:00:00,6.15,6.14,4.48,4.26,4.66,N/E,6.98
2017-12-01 00:00:00,6.16,6.17,4.53,4.22,4.62,N/E,7.06
2018-01-01 00:00:00,6.27,6.28,4.57,4.24,4.69,N/E,7.17
2018-02-01 00:00:00,6.36,6.37,4.57,4.5,4.86,N/E,7.3
2018-03-01 00:00:00,6.48,6.45,4.57,4.22,5.01,N/E,7.38
2018-04-01 00:00:00,6.48,6.49,4.57,4.22,5.04,N/E,7.37
2018-05-01 00:00:00,6.51,6.52,4.57,4.15,5.06,N/E,7.4
2018-06-01 00:00:00,6.61,6.62,4.57,4.27,5.1,N/E,7.47
2018-07-01 00:00:00,6.74,6.75,4.57,4.2,5.21,N/E,7.66
2018-08-01 00:00:00,6.85,6.86,4.57,4.1,5.36,N/E,7.71
2018-09-01 00:00:00,6.9,6.9,4.57,4.16,5.46,N/E,7.73
2018-10-01 00:00:00,6.91,6.89,4.41,4.09,5.41,N/E,7.74
2018-11-01 00:00:00,6.9,6.93,4.41,4.18,5.43,N/E,7.83
2018-12-01 00:00:00,7.05,7.06,4.41,4.08,5.55,N/E,8.01
2019-01-01 00:00:00,7.15,7.21,4.41,4.12,5.55,N/E,8.13
2019-02-01 00:00:00,7.24,7.26,4.42,4.41,5.69,N/E,8.16
2019-03-01 00:00:00,7.27,7.28,4.42,4.19,5.73,N/E,8.16
2019-04-01 00:00:00,7.29,7.27,4.42,4.26,5.76,N/E,8.14
2019-05-01 00:00:00,7.27,7.3,4.11,4.25,5.78,N/E,8.14
2019-06-01 00:00:00,7.34,7.35,4.11,4.22,5.81,N/E,8.15
2019-07-01 00:00:00,7.37,7.37,4.11,4.3,6.46,N/E,8.15
2019-08-01 00:00:00,7.32,7.34,4.11,4.27,6.58,N/E,8.08
2019-09-01 00:00:00,7.23,7.23,4.11,4.28,6.46,N/E,7.92
2019-10-01 00:00:00,7.08,7.07,4.11,4.28,6.25,N/E,7.7
2019-11-01 00:00:00,6.92,6.95,4.11,4.26,6.11,N/E,7.64
2019-12-01 00:00:00,6.77,6.78,4.33,4.19,5.95,N/E,7.5
2020-01-01 00:00:00,6.61,6.62,4.41,4.21,5.78,N/E,7.34
2020-02-01 00:00:00,6.53,6.53,4.39,4.34,5.71,N/E,7.21
2020-03-01 00:00:00,6.35,6.38,4.39,4.34,5.53,N/E,7.03
2020-04-01 00:00:00,6.04,6.05,4.39,4.23,5.3,N/E,6.63
2020-05-01 00:00:00,5.64,5.59,4.39,4.15,4.92,N/E,6.19
2020-06-01 00:00:00,5.23,5.21,4.39,3.96,4.55,N/E,5.85
2020-07-01 00:00:00,4.83,4.82,4.39,4.02,4.14,N/E,5.48
2020-08-01 00:00:00,4.59,4.58,4.43,4.1,3.94,N/E,5.26
2020-09-01 00:00:00,4.34,4.33,4.64,4.02,3.69,N/E,5.02
2020-10-01 00:00:00,4.14,4.14,4.58,3.96,3.48,N/E,4.83
2020-11-01 00:00:00,4.05,4.05,4.58,3.95,3.37,N/E,4.8
2020-12-01 00:00:00,4.03,4.04,4.58,4.03,3.33,N/E,4.76
2021-01-01 00:00:00,4.02,4.01,4.58,4.05,3.33,3.99,4.73
2021-02-01 00:00:00,3.94,3.94,4.58,4.07,3.25,3.89,4.63
2021-03-01 00:00:00,3.83,3.83,4.58,4.03,3.18,3.81,4.51
2021-04-01 00:00:00,3.79,3.79,4.58,4.04,3.11,3.79,4.53
2021-05-01 00:00:00,3.77,3.77,4.58,4.02,3.08,3.76,4.57
2021-06-01 00:00:00,3.76,3.76,4.58,4.03,3.05,3.77,4.61
2021-07-01 00:00:00,3.84,3.84,4.58,4.08,3.11,3.85,4.78
2021-08-01 00:00:00,3.91,3.91,4.58,4.13,3.19,3.95,4.92
2021-09-01 00:00:00,4,4,4.58,4.19,3.27,4.02,5.03
2021-10-01 00:00:00,4.13,4.13,4.58,4.2,3.36,4.16,5.2
2021-11-01 00:00:00,4.26,4.27,4.58,4.33,3.49,4.31,5.33
2021-12-01 00:00:00,4.47,4.48,4.53,4.39,3.63,4.56,5.55
2022-01-01 00:00:00,4.68,4.69,4.44,4.39,3.82,4.68,5.78
2022-02-01 00:00:00,4.85,4.85,4.44,4.39,3.95,4.89,6.01
2022-03-01 00:00:00,5.06,5.09,4.44,4.4,4.14,5.14,6.28
2022-04-01 00:00:00,5.35,5.37,4.44,4.42,4.41,5.34,6.62
2022-05-01 00:00:00,5.58,5.59,4.44,4.49,4.6,5.61,6.86
2022-06-01 00:00:00,5.87,5.88,4.44,4.41,4.89,5.96,7.15
2022-07-01 00:00:00,6.27,6.29,4.44,4.55,5.18,6.23,7.62
2022-08-01 00:00:00,6.6,6.62,4.44,4.53,5.5,6.64,7.99
2022-09-01 00:00:00,6.95,6.98,4.44,4.58,5.81,6.97,8.27
2022-10-01 00:00:00,7.42,7.43,4.44,4.52,6.2,7.32,8.75
2022-11-01 00:00:00,7.79,7.82,4.44,4.65,6.58,7.73,9.16
2022-12-01 00:00:00,8.23,8.26,4.44,4.86,6.96,8.16,9.58
2023-01-01 00:00:00,8.63,8.65,4.44,4.96,7.36,8.47,9.85
2023-02-01 00:00:00,8.93,8.94,4.44,4.96,7.63,8.76,10.12
2023-03-01 00:00:00,9.2,9.21,4.44,5.03,7.88,8.99,10.31
2023-04-01 00:00:00,9.39,9.4,4.44,5.06,8.11,9.15,10.54
2023-05-01 00:00:00,9.51,9.53,4.44,5.1,8.23,9.25,10.59
2023-06-01 00:00:00,9.57,9.57,4.46,5.11,8.3,9.27,10.59
2023-07-01 00:00:00,9.61,9.61,4.46,5.26,8.32,9.3,10.61
2023-08-01 00:00:00,9.62,9.62,4.46,5.31,8.35,9.26,10.57
2023-09-01 00:00:00,9.64,9.64,4.46,5.32,8.45,9.33,10.58
2023-10-01 00:00:00,9.69,9.68,4.42,5.33,8.53,9.4,10.57
2023-11-01 00:00:00,9.71,9.72,4.42,5.34,8.52,9.5,10.59
2023-12-01 00:00:00,9.83,9.76,4.42,5.36,8.67,9.5,10.68
2024-01-01 00:00:00,9.8,9.82,4.42,5.44,8.65,9.63,10.67
2024-02-01 00:00:00,9.86,9.86,4.46,5.49,8.74,9.63,10.64
2024-03-01 00:00:00,9.86,9.85,4.5,5.5,8.79,9.57,10.63
2024-04-01 00:00:00,9.76,9.77,4.5,5.57,8.64,9.59,10.53
2024-05-01 00:00:00,9.73,9.74,4.5,5.56,8.63,9.56,10.49
2024-06-01 00:00:00,9.75,9.77,4.5,5.68,8.64,9.54,10.49
2024-07-01 00:00:00,9.72,9.73,4.5,5.65,8.57,9.53,10.5
2024-08-01 00:00:00,9.65,9.65,4.5,5.66,8.54,9.41,10.41
2024-09-01 00:00:00,9.55,9.54,4.5,5.62,8.49,9.25,10.33
2024-10-01 00:00:00,9.37,9.37,4.5,5.54,8.25,9.16,10.19
2024-11-01 00:00:00,9.26,9.27,4.5,5.63,8.1,9.02,10.11
2024-12-01 00:00:00,9.14,9.14,4.5,5.72,8.05,8.84,10.01
2025-01-01 00:00:00,8.99,N/E,4.5,5.63,7.88,N/E,9.84
