Banco de México,Unnamed: 1,Unnamed: 2,Unnamed: 3,Unnamed: 4
,,,,
Tasas y precios de referencia,,,,
Tasas de Fondeo Gubernamental,,,,
,,,,
Fecha de consulta: 22/02/2025 05:08:15,,,,
,,,,
,,,,
,,,,
Título,"Tasa de fondeo gubernamental, Mediana ponderada por volumen, Tasa de interés en por ciento anual",Tasa de fondeo ponderada con BPAS y BREMS.,"Tasa de fondeo gubernamental, Percentil 25, Tasa de interés en por ciento anual","Tasa de fondeo gubernamental, Percentil 75, Tasa de interés en por ciento anual"
Periodo disponible,03/11/1998 - 21/02/2025,11/02/2004 - 21/02/2025,01/11/2019 - 21/02/2025,01/11/2019 - 21/02/2025
Periodicidad,Diaria,Diaria,Diaria,Diaria
Cifra,Porcentajes,Porcentajes,Indices,Indices
Unidad,Sin Unidad,Sin Unidad,Porcentajes,Porcentajes
Base,,,01/11/2019,01/11/2019
Aviso,,,,
Tipo de información,Niveles,Niveles,Niveles,Niveles
Fecha,SF43774,SF45390,SF331407,SF331408
2019-01-02 00:00:00,8.31,8.31,N/E,N/E
2019-01-03 00:00:00,8.28,8.27,N/E,N/E
2019-01-04 00:00:00,8.24,8.24,N/E,N/E
2019-01-07 00:00:00,8.26,8.26,N/E,N/E
2019-01-08 00:00:00,8.26,8.25,N/E,N/E
2019-01-09 00:00:00,8.24,8.24,N/E,N/E
2019-01-10 00:00:00,8.25,8.25,N/E,N/E
2019-01-11 00:00:00,8.29,8.29,N/E,N/E
2019-01-14 00:00:00,8.28,8.28,N/E,N/E
2019-01-15 00:00:00,8.31,8.31,N/E,N/E
2019-01-16 00:00:00,8.27,8.27,N/E,N/E
2019-01-17 00:00:00,8.22,8.23,N/E,N/E
2019-01-18 00:00:00,8.24,8.24,N/E,N/E
2019-01-21 00:00:00,8.29,8.29,N/E,N/E
2019-01-22 00:00:00,8.24,8.24,N/E,N/E
2019-01-23 00:00:00,8.22,8.21,N/E,N/E
2019-01-24 00:00:00,8.22,8.22,N/E,N/E
2019-01-25 00:00:00,8.23,8.23,N/E,N/E
2019-01-28 00:00:00,8.23,8.23,N/E,N/E
2019-01-29 00:00:00,8.25,8.25,N/E,N/E
2019-01-30 00:00:00,8.24,8.24,N/E,N/E
2019-01-31 00:00:00,8.31,8.31,N/E,N/E
2019-02-01 00:00:00,8.28,8.28,N/E,N/E
2019-02-05 00:00:00,8.27,8.26,N/E,N/E
2019-02-06 00:00:00,8.3,8.3,N/E,N/E
2019-02-07 00:00:00,8.26,8.26,N/E,N/E
2019-02-08 00:00:00,8.25,8.24,N/E,N/E
2019-02-11 00:00:00,8.25,8.25,N/E,N/E
2019-02-12 00:00:00,8.27,8.27,N/E,N/E
2019-02-13 00:00:00,8.25,8.25,N/E,N/E
2019-02-14 00:00:00,8.27,8.27,N/E,N/E
2019-02-15 00:00:00,8.27,8.27,N/E,N/E
2019-02-18 00:00:00,8.26,8.25,N/E,N/E
2019-02-19 00:00:00,8.25,8.25,N/E,N/E
2019-02-20 00:00:00,8.24,8.24,N/E,N/E
2019-02-21 00:00:00,8.25,8.25,N/E,N/E
2019-02-22 00:00:00,8.25,8.25,N/E,N/E
2019-02-25 00:00:00,8.26,8.26,N/E,N/E
2019-02-26 00:00:00,8.25,8.25,N/E,N/E
2019-02-27 00:00:00,8.24,8.24,N/E,N/E
2019-02-28 00:00:00,8.33,8.33,N/E,N/E
2019-03-01 00:00:00,8.28,8.27,N/E,N/E
2019-03-04 00:00:00,8.27,8.27,N/E,N/E
2019-03-05 00:00:00,8.26,8.26,N/E,N/E
2019-03-06 00:00:00,8.26,8.26,N/E,N/E
2019-03-07 00:00:00,8.26,8.26,N/E,N/E
2019-03-08 00:00:00,8.26,8.26,N/E,N/E
2019-03-11 00:00:00,8.26,8.26,N/E,N/E
2019-03-12 00:00:00,8.26,8.26,N/E,N/E
2019-03-13 00:00:00,8.26,8.26,N/E,N/E
2019-03-14 00:00:00,8.27,8.27,N/E,N/E
2019-03-15 00:00:00,8.29,8.29,N/E,N/E
2019-03-19 00:00:00,8.25,8.25,N/E,N/E
2019-03-20 00:00:00,8.26,8.25,N/E,N/E
2019-03-21 00:00:00,8.26,8.26,N/E,N/E
2019-03-22 00:00:00,8.26,8.26,N/E,N/E
2019-03-25 00:00:00,8.26,8.26,N/E,N/E
2019-03-26 00:00:00,8.26,8.26,N/E,N/E
2019-03-27 00:00:00,8.27,8.26,N/E,N/E
2019-03-28 00:00:00,8.27,8.27,N/E,N/E
2019-03-29 00:00:00,8.29,8.29,N/E,N/E
2019-04-01 00:00:00,8.29,8.29,N/E,N/E
2019-04-02 00:00:00,8.3,8.3,N/E,N/E
2019-04-03 00:00:00,8.28,8.28,N/E,N/E
2019-04-04 00:00:00,8.27,8.27,N/E,N/E
2019-04-05 00:00:00,8.27,8.27,N/E,N/E
2019-04-08 00:00:00,8.28,8.28,N/E,N/E
2019-04-09 00:00:00,8.28,8.29,N/E,N/E
2019-04-10 00:00:00,8.28,8.28,N/E,N/E
2019-04-11 00:00:00,8.3,8.3,N/E,N/E
2019-04-12 00:00:00,8.28,8.28,N/E,N/E
2019-04-15 00:00:00,8.28,8.28,N/E,N/E
2019-04-16 00:00:00,8.28,8.28,N/E,N/E
2019-04-17 00:00:00,8.29,8.29,N/E,N/E
2019-04-22 00:00:00,8.28,8.28,N/E,N/E
2019-04-23 00:00:00,8.28,8.28,N/E,N/E
2019-04-24 00:00:00,8.23,8.23,N/E,N/E
2019-04-25 00:00:00,8.22,8.22,N/E,N/E
2019-04-26 00:00:00,8.23,8.22,N/E,N/E
2019-04-29 00:00:00,8.26,8.26,N/E,N/E
2019-04-30 00:00:00,8.34,8.34,N/E,N/E
2019-05-02 00:00:00,8.29,8.29,N/E,N/E
2019-05-03 00:00:00,8.28,8.28,N/E,N/E
2019-05-06 00:00:00,8.28,8.28,N/E,N/E
2019-05-07 00:00:00,8.28,8.28,N/E,N/E
2019-05-08 00:00:00,8.27,8.27,N/E,N/E
2019-05-09 00:00:00,8.28,8.28,N/E,N/E
2019-05-10 00:00:00,8.28,8.29,N/E,N/E
2019-05-13 00:00:00,8.29,8.28,N/E,N/E
2019-05-14 00:00:00,8.32,8.32,N/E,N/E
2019-05-15 00:00:00,8.28,8.28,N/E,N/E
2019-05-16 00:00:00,8.28,8.28,N/E,N/E
2019-05-17 00:00:00,8.27,8.27,N/E,N/E
2019-05-20 00:00:00,8.26,8.26,N/E,N/E
2019-05-21 00:00:00,8.25,8.25,N/E,N/E
2019-05-22 00:00:00,8.3,8.3,N/E,N/E
2019-05-23 00:00:00,8.32,8.32,N/E,N/E
2019-05-24 00:00:00,8.31,8.31,N/E,N/E
2019-05-27 00:00:00,8.3,8.3,N/E,N/E
2019-05-28 00:00:00,8.3,8.3,N/E,N/E
2019-05-29 00:00:00,8.28,8.28,N/E,N/E
2019-05-30 00:00:00,8.33,8.33,N/E,N/E
2019-05-31 00:00:00,8.35,8.35,N/E,N/E
2019-06-03 00:00:00,8.32,8.32,N/E,N/E
2019-06-04 00:00:00,8.36,8.36,N/E,N/E
2019-06-05 00:00:00,8.37,8.37,N/E,N/E
2019-06-06 00:00:00,8.39,8.38,N/E,N/E
2019-06-07 00:00:00,8.3,8.3,N/E,N/E
2019-06-10 00:00:00,8.27,8.27,N/E,N/E
2019-06-11 00:00:00,8.24,8.24,N/E,N/E
2019-06-12 00:00:00,8.26,8.26,N/E,N/E
2019-06-13 00:00:00,8.25,8.24,N/E,N/E
2019-06-14 00:00:00,8.11,8.11,N/E,N/E
2019-06-17 00:00:00,8.05,8.05,N/E,N/E
2019-06-18 00:00:00,8.08,8.07,N/E,N/E
2019-06-19 00:00:00,8.27,8.27,N/E,N/E
2019-06-20 00:00:00,8.46,8.47,N/E,N/E
2019-06-21 00:00:00,8.31,8.31,N/E,N/E
2019-06-24 00:00:00,8.28,8.28,N/E,N/E
2019-06-25 00:00:00,8.3,8.3,N/E,N/E
2019-06-26 00:00:00,8.28,8.27,N/E,N/E
2019-06-27 00:00:00,8.24,8.23,N/E,N/E
2019-06-28 00:00:00,8.27,8.27,N/E,N/E
2019-07-01 00:00:00,8.27,8.27,N/E,N/E
2019-07-02 00:00:00,8.33,8.33,N/E,N/E
2019-07-03 00:00:00,8.27,8.28,N/E,N/E
2019-07-04 00:00:00,8.28,8.28,N/E,N/E
2019-07-05 00:00:00,8.29,8.29,N/E,N/E
2019-07-08 00:00:00,8.28,8.28,N/E,N/E
2019-07-09 00:00:00,8.29,8.29,N/E,N/E
2019-07-10 00:00:00,8.3,8.29,N/E,N/E
2019-07-11 00:00:00,8.3,8.3,N/E,N/E
2019-07-12 00:00:00,8.29,8.29,N/E,N/E
2019-07-15 00:00:00,8.29,8.29,N/E,N/E
2019-07-16 00:00:00,8.29,8.29,N/E,N/E
2019-07-17 00:00:00,8.27,8.27,N/E,N/E
2019-07-18 00:00:00,8.27,8.27,N/E,N/E
2019-07-19 00:00:00,8.26,8.26,N/E,N/E
2019-07-22 00:00:00,8.25,8.25,N/E,N/E
2019-07-23 00:00:00,8.27,8.27,N/E,N/E
2019-07-24 00:00:00,8.28,8.27,N/E,N/E
2019-07-25 00:00:00,8.3,8.3,N/E,N/E
2019-07-26 00:00:00,8.31,8.31,N/E,N/E
2019-07-29 00:00:00,8.28,8.28,N/E,N/E
2019-07-30 00:00:00,8.27,8.26,N/E,N/E
2019-07-31 00:00:00,8.31,8.31,N/E,N/E
2019-08-01 00:00:00,8.31,8.31,N/E,N/E
2019-08-02 00:00:00,8.3,8.3,N/E,N/E
2019-08-05 00:00:00,8.3,8.3,N/E,N/E
2019-08-06 00:00:00,8.3,8.29,N/E,N/E
2019-08-07 00:00:00,8.29,8.29,N/E,N/E
2019-08-08 00:00:00,8.28,8.28,N/E,N/E
2019-08-09 00:00:00,8.27,8.27,N/E,N/E
2019-08-12 00:00:00,8.29,8.29,N/E,N/E
2019-08-13 00:00:00,8.3,8.3,N/E,N/E
2019-08-14 00:00:00,8.32,8.32,N/E,N/E
2019-08-15 00:00:00,8.28,8.28,N/E,N/E
2019-08-16 00:00:00,8.03,8.04,N/E,N/E
2019-08-19 00:00:00,8.04,8.04,N/E,N/E
2019-08-20 00:00:00,8.03,8.02,N/E,N/E
2019-08-21 00:00:00,8.06,8.06,N/E,N/E
2019-08-22 00:00:00,7.99,7.99,N/E,N/E
2019-08-23 00:00:00,7.98,7.98,N/E,N/E
2019-08-26 00:00:00,7.98,7.98,N/E,N/E
2019-08-27 00:00:00,7.98,7.98,N/E,N/E
2019-08-28 00:00:00,7.98,7.98,N/E,N/E
2019-08-29 00:00:00,8,8,N/E,N/E
2019-08-30 00:00:00,8.18,8.18,N/E,N/E
2019-09-02 00:00:00,8.23,8.23,N/E,N/E
2019-09-03 00:00:00,8.19,8.19,N/E,N/E
2019-09-04 00:00:00,8.08,8.07,N/E,N/E
2019-09-05 00:00:00,8.02,8.02,N/E,N/E
2019-09-06 00:00:00,8.01,8.01,N/E,N/E
2019-09-09 00:00:00,7.99,8,N/E,N/E
2019-09-10 00:00:00,8.01,8.01,N/E,N/E
2019-09-11 00:00:00,8.05,8.05,N/E,N/E
2019-09-12 00:00:00,8.07,8.07,N/E,N/E
2019-09-13 00:00:00,8.03,8.03,N/E,N/E
2019-09-17 00:00:00,8,7.99,N/E,N/E
2019-09-18 00:00:00,7.99,7.99,N/E,N/E
2019-09-19 00:00:00,8.01,8.01,N/E,N/E
2019-09-20 00:00:00,8.13,8.13,N/E,N/E
2019-09-23 00:00:00,8.07,8.07,N/E,N/E
2019-09-24 00:00:00,8.07,8.07,N/E,N/E
2019-09-25 00:00:00,8.12,8.12,N/E,N/E
2019-09-26 00:00:00,8.39,8.38,N/E,N/E
2019-09-27 00:00:00,7.96,7.95,N/E,N/E
2019-09-30 00:00:00,8.01,8.01,N/E,N/E
2019-10-01 00:00:00,7.85,7.84,N/E,N/E
2019-10-02 00:00:00,7.82,7.82,N/E,N/E
2019-10-03 00:00:00,7.77,7.77,N/E,N/E
2019-10-04 00:00:00,7.72,7.72,N/E,N/E
2019-10-07 00:00:00,7.71,7.71,N/E,N/E
2019-10-08 00:00:00,7.76,7.76,N/E,N/E
2019-10-09 00:00:00,7.78,7.78,N/E,N/E
2019-10-10 00:00:00,7.78,7.78,N/E,N/E
2019-10-11 00:00:00,7.77,7.77,N/E,N/E
2019-10-14 00:00:00,7.78,7.77,N/E,N/E
2019-10-15 00:00:00,7.8,7.8,N/E,N/E
2019-10-16 00:00:00,7.8,7.81,N/E,N/E
2019-10-17 00:00:00,7.76,7.76,N/E,N/E
2019-10-18 00:00:00,7.78,7.78,N/E,N/E
2019-10-21 00:00:00,7.79,7.79,N/E,N/E
2019-10-22 00:00:00,7.79,7.79,N/E,N/E
2019-10-23 00:00:00,7.79,7.79,N/E,N/E
2019-10-24 00:00:00,7.79,7.78,N/E,N/E
2019-10-25 00:00:00,7.76,7.76,N/E,N/E
2019-10-28 00:00:00,7.77,7.77,N/E,N/E
2019-10-29 00:00:00,7.79,7.79,N/E,N/E
2019-10-30 00:00:00,7.79,7.79,N/E,N/E
2019-10-31 00:00:00,7.84,7.84,N/E,N/E
2019-11-01 00:00:00,7.82,7.82,0,0
2019-11-04 00:00:00,7.85,7.85,N/E,N/E
2019-11-05 00:00:00,7.83,7.84,N/E,N/E
2019-11-06 00:00:00,7.78,7.78,N/E,N/E
2019-11-07 00:00:00,7.84,7.84,N/E,N/E
2019-11-08 00:00:00,7.81,7.81,N/E,N/E
2019-11-11 00:00:00,7.78,7.77,N/E,N/E
2019-11-12 00:00:00,7.84,7.84,N/E,N/E
2019-11-13 00:00:00,8.07,8.07,N/E,N/E
2019-11-14 00:00:00,8.14,8.13,N/E,N/E
2019-11-15 00:00:00,7.96,7.96,N/E,N/E
2019-11-19 00:00:00,7.78,7.77,N/E,N/E
2019-11-20 00:00:00,7.71,7.71,N/E,N/E
2019-11-21 00:00:00,7.71,7.71,N/E,N/E
2019-11-22 00:00:00,7.58,7.58,N/E,N/E
2019-11-25 00:00:00,7.55,7.55,N/E,N/E
2019-11-26 00:00:00,7.57,7.57,N/E,N/E
2019-11-27 00:00:00,7.51,7.51,N/E,N/E
2019-11-28 00:00:00,7.52,7.52,N/E,N/E
2019-11-29 00:00:00,7.6,7.6,N/E,N/E
2019-12-02 00:00:00,7.59,7.59,N/E,N/E
2019-12-03 00:00:00,7.58,7.58,N/E,N/E
2019-12-04 00:00:00,7.54,7.54,N/E,N/E
2019-12-05 00:00:00,7.51,7.51,N/E,N/E
2019-12-06 00:00:00,7.52,7.52,N/E,N/E
2019-12-09 00:00:00,7.51,7.51,N/E,N/E
2019-12-10 00:00:00,7.53,7.53,N/E,N/E
2019-12-11 00:00:00,7.53,7.52,N/E,N/E
2019-12-13 00:00:00,7.52,7.52,N/E,N/E
2019-12-16 00:00:00,7.58,7.58,N/E,N/E
2019-12-17 00:00:00,7.59,7.59,N/E,N/E
2019-12-18 00:00:00,7.56,7.56,N/E,N/E
2019-12-19 00:00:00,7.59,7.59,N/E,N/E
2019-12-20 00:00:00,7.32,7.32,N/E,N/E
2019-12-23 00:00:00,7.32,7.32,N/E,N/E
2019-12-24 00:00:00,7.28,7.28,N/E,N/E
2019-12-26 00:00:00,7.3,7.3,N/E,N/E
2019-12-27 00:00:00,7.3,7.3,N/E,N/E
2019-12-30 00:00:00,7.27,7.27,N/E,N/E
2019-12-31 00:00:00,7.28,7.27,N/E,N/E
2020-01-02 00:00:00,7.29,7.29,N/E,N/E
2020-01-03 00:00:00,7.32,7.32,N/E,N/E
2020-01-06 00:00:00,7.31,7.31,N/E,N/E
2020-01-07 00:00:00,7.29,7.29,N/E,N/E
2020-01-08 00:00:00,7.27,7.27,N/E,N/E
2020-01-09 00:00:00,7.25,7.25,N/E,N/E
2020-01-10 00:00:00,7.24,7.24,N/E,N/E
2020-01-13 00:00:00,7.26,7.26,N/E,N/E
2020-01-14 00:00:00,7.28,7.28,N/E,N/E
2020-01-15 00:00:00,7.28,7.27,N/E,N/E
2020-01-16 00:00:00,7.26,N/E,7.25,7.27
2020-01-17 00:00:00,7.25,N/E,7.23,7.27
2020-01-20 00:00:00,7.25,N/E,7.24,7.27
2020-01-21 00:00:00,7.25,N/E,7.24,7.27
2020-01-22 00:00:00,7.2,N/E,7.17,7.23
2020-01-23 00:00:00,7.22,N/E,7.2,7.23
2020-01-24 00:00:00,7.23,N/E,7.22,7.25
2020-01-27 00:00:00,7.24,N/E,7.23,7.25
2020-01-28 00:00:00,7.23,N/E,7.2,7.25
2020-01-29 00:00:00,7.2,N/E,7.18,7.22
2020-01-30 00:00:00,7.26,N/E,7.24,7.28
2020-01-31 00:00:00,7.33,N/E,7.29,7.37
2020-02-04 00:00:00,7.27,N/E,7.25,7.29
2020-02-05 00:00:00,7.28,N/E,7.27,7.3
2020-02-06 00:00:00,7.28,N/E,7.27,7.3
2020-02-07 00:00:00,7.31,N/E,7.29,7.32
2020-02-10 00:00:00,7.29,N/E,7.28,7.3
2020-02-11 00:00:00,7.29,N/E,7.27,7.3
2020-02-12 00:00:00,7.26,N/E,7.24,7.28
2020-02-13 00:00:00,7.26,N/E,7.25,7.27
2020-02-14 00:00:00,7.04,N/E,7.03,7.05
2020-02-17 00:00:00,6.97,N/E,6.93,6.98
2020-02-18 00:00:00,6.95,N/E,6.94,6.97
2020-02-19 00:00:00,6.97,N/E,6.97,6.99
2020-02-20 00:00:00,6.97,N/E,6.95,6.98
2020-02-21 00:00:00,6.99,N/E,6.98,7
2020-02-24 00:00:00,6.98,N/E,6.96,6.99
2020-02-25 00:00:00,6.97,N/E,6.95,6.98
2020-02-26 00:00:00,6.99,N/E,6.98,7
2020-02-27 00:00:00,7.13,N/E,7.07,7.15
2020-02-28 00:00:00,7.13,N/E,7.11,7.16
2020-03-02 00:00:00,7.05,N/E,7.03,7.06
2020-03-03 00:00:00,7.06,N/E,7.05,7.07
2020-03-04 00:00:00,7.05,N/E,7.05,7.06
2020-03-05 00:00:00,7.06,N/E,7.06,7.08
2020-03-06 00:00:00,7.04,N/E,7.03,7.05
2020-03-09 00:00:00,7.05,N/E,7.03,7.06
2020-03-10 00:00:00,6.97,N/E,6.95,6.99
2020-03-11 00:00:00,7.03,N/E,7.01,7.05
2020-03-12 00:00:00,7.1,N/E,7.06,7.15
2020-03-13 00:00:00,7.05,N/E,7.04,7.06
2020-03-17 00:00:00,7.06,N/E,7.05,7.07
2020-03-18 00:00:00,7.04,N/E,7.02,7.05
2020-03-19 00:00:00,7.06,N/E,7.05,7.07
2020-03-20 00:00:00,7.04,N/E,7.01,7.07
2020-03-23 00:00:00,6.55,N/E,6.54,6.56
2020-03-24 00:00:00,6.57,N/E,6.55,6.58
2020-03-25 00:00:00,6.57,N/E,6.55,6.57
2020-03-26 00:00:00,6.56,N/E,6.54,6.57
2020-03-27 00:00:00,6.56,N/E,6.55,6.57
2020-03-30 00:00:00,6.57,N/E,6.57,6.58
2020-03-31 00:00:00,6.7,N/E,6.63,6.7
2020-04-01 00:00:00,6.58,N/E,6.56,6.59
2020-04-02 00:00:00,6.64,N/E,6.6,6.67
2020-04-03 00:00:00,6.52,N/E,6.5,6.53
2020-04-06 00:00:00,6.54,N/E,6.51,6.55
2020-04-07 00:00:00,6.5,N/E,6.46,6.54
2020-04-08 00:00:00,6.49,N/E,6.43,6.52
2020-04-13 00:00:00,6.45,N/E,6.4,6.5
2020-04-14 00:00:00,6.45,N/E,6.41,6.46
2020-04-15 00:00:00,6.4,N/E,6.37,6.42
2020-04-16 00:00:00,6.39,N/E,6.38,6.42
2020-04-17 00:00:00,6.45,N/E,6.43,6.47
2020-04-20 00:00:00,6.47,N/E,6.45,6.49
2020-04-21 00:00:00,6.62,N/E,6.6,6.66
2020-04-22 00:00:00,6.09,N/E,6.07,6.11
2020-04-23 00:00:00,6.23,N/E,6.2,6.25
2020-04-24 00:00:00,6.2,N/E,6.18,6.23
2020-04-27 00:00:00,5.96,N/E,5.95,6
2020-04-28 00:00:00,6.02,N/E,6,6.04
2020-04-29 00:00:00,5.97,N/E,5.95,5.99
2020-04-30 00:00:00,6.01,N/E,6,6.04
2020-05-04 00:00:00,6.01,N/E,6,6.02
2020-05-05 00:00:00,6.03,N/E,6.02,6.04
2020-05-06 00:00:00,6.03,N/E,6.02,6.04
2020-05-07 00:00:00,6.03,N/E,6.02,6.03
2020-05-08 00:00:00,6.01,N/E,6,6.03
2020-05-11 00:00:00,6.01,N/E,6,6.02
2020-05-12 00:00:00,6.02,N/E,6.01,6.03
2020-05-13 00:00:00,6.06,N/E,6.05,6.1
2020-05-14 00:00:00,6.45,N/E,6.32,6.75
2020-05-15 00:00:00,6,N/E,5.6,6.15
2020-05-18 00:00:00,5.52,N/E,5.5,5.53
2020-05-19 00:00:00,5.5,N/E,5.48,5.51
2020-05-20 00:00:00,5.5,N/E,5.49,5.51
2020-05-21 00:00:00,5.5,N/E,5.48,5.5
2020-05-22 00:00:00,5.52,N/E,5.5,5.55
2020-05-25 00:00:00,5.5,N/E,5.5,5.51
2020-05-26 00:00:00,5.53,N/E,5.52,5.53
2020-05-27 00:00:00,5.52,N/E,5.48,5.53
2020-05-28 00:00:00,5.52,N/E,5.51,5.54
2020-05-29 00:00:00,5.75,N/E,5.72,5.8
2020-06-01 00:00:00,5.6,N/E,5.58,5.6
2020-06-02 00:00:00,5.64,N/E,5.63,5.67
2020-06-03 00:00:00,5.56,N/E,5.52,5.61
2020-06-04 00:00:00,5.51,N/E,5.5,5.51
2020-06-05 00:00:00,5.51,N/E,5.49,5.51
2020-06-08 00:00:00,5.5,N/E,5.48,5.5
2020-06-09 00:00:00,5.49,N/E,5.46,5.5
2020-06-10 00:00:00,5.49,N/E,5.48,5.5
2020-06-11 00:00:00,5.52,N/E,5.5,5.55
2020-06-12 00:00:00,5.65,N/E,5.62,5.71
2020-06-15 00:00:00,5.49,N/E,5.47,5.5
2020-06-16 00:00:00,5.51,N/E,5.5,5.53
2020-06-17 00:00:00,5.5,N/E,5.48,5.5
2020-06-18 00:00:00,5.51,N/E,5.5,5.52
2020-06-19 00:00:00,5.64,N/E,5.59,5.7
2020-06-22 00:00:00,5.59,N/E,5.55,5.6
2020-06-23 00:00:00,5.58,N/E,5.56,5.6
2020-06-24 00:00:00,5.56,N/E,5.54,5.58
2020-06-25 00:00:00,5.53,N/E,5.48,5.57
2020-06-26 00:00:00,5.07,N/E,5.03,5.15
2020-06-29 00:00:00,5.04,N/E,5.02,5.05
2020-06-30 00:00:00,5.07,N/E,5.07,5.1
2020-07-01 00:00:00,5.05,N/E,5.03,5.07
2020-07-02 00:00:00,5.09,N/E,5.07,5.1
2020-07-03 00:00:00,5.05,N/E,5.05,5.07
2020-07-06 00:00:00,5.05,N/E,5.03,5.06
2020-07-07 00:00:00,5.01,N/E,4.98,5.03
2020-07-08 00:00:00,5,N/E,4.98,5.01
2020-07-09 00:00:00,4.98,N/E,4.97,4.99
2020-07-10 00:00:00,4.98,N/E,4.97,4.98
2020-07-13 00:00:00,4.98,N/E,4.98,5
2020-07-14 00:00:00,5.08,N/E,5.07,5.09
2020-07-15 00:00:00,5,N/E,4.99,5.01
2020-07-16 00:00:00,5,N/E,4.99,5
2020-07-17 00:00:00,4.99,N/E,4.96,5
2020-07-20 00:00:00,4.96,N/E,4.95,4.98
2020-07-21 00:00:00,4.97,N/E,4.96,4.97
2020-07-22 00:00:00,4.95,N/E,4.94,4.96
2020-07-23 00:00:00,4.95,N/E,4.94,4.96
2020-07-24 00:00:00,4.95,N/E,4.94,4.95
2020-07-27 00:00:00,4.95,N/E,4.95,4.96
2020-07-28 00:00:00,5.07,N/E,5.03,5.08
2020-07-29 00:00:00,5.01,N/E,5.01,5.02
2020-07-30 00:00:00,5.02,N/E,5.01,5.03
2020-07-31 00:00:00,5.1,N/E,5.08,5.12
2020-08-03 00:00:00,5.02,N/E,5.02,5.03
2020-08-04 00:00:00,5.14,N/E,5.12,5.17
2020-08-05 00:00:00,5,N/E,4.97,5
2020-08-06 00:00:00,4.99,N/E,4.96,5
2020-08-07 00:00:00,4.97,N/E,4.95,4.99
2020-08-10 00:00:00,4.99,N/E,4.98,5
2020-08-11 00:00:00,5,N/E,4.99,5.01
2020-08-12 00:00:00,5.03,N/E,5.02,5.05
2020-08-13 00:00:00,5.13,N/E,5.08,5.15
2020-08-14 00:00:00,4.53,N/E,4.51,4.55
2020-08-17 00:00:00,4.48,N/E,4.44,4.5
2020-08-18 00:00:00,4.42,N/E,4.41,4.44
2020-08-19 00:00:00,4.5,N/E,4.48,4.5
2020-08-20 00:00:00,4.46,N/E,4.45,4.48
2020-08-21 00:00:00,4.51,N/E,4.5,4.51
2020-08-24 00:00:00,4.55,N/E,4.5,4.58
2020-08-25 00:00:00,4.58,N/E,4.53,4.62
2020-08-26 00:00:00,4.45,N/E,4.44,4.46
2020-08-27 00:00:00,4.47,N/E,4.46,4.5
2020-08-28 00:00:00,4.49,N/E,4.47,4.5
2020-08-31 00:00:00,4.58,N/E,4.57,4.59
2020-09-01 00:00:00,4.51,N/E,4.5,4.53
2020-09-02 00:00:00,4.5,N/E,4.49,4.51
2020-09-03 00:00:00,4.49,N/E,4.45,4.5
2020-09-04 00:00:00,4.47,N/E,4.44,4.47
2020-09-07 00:00:00,4.47,N/E,4.46,4.49
2020-09-08 00:00:00,4.5,N/E,4.5,4.51
2020-09-09 00:00:00,4.47,N/E,4.46,4.48
2020-09-10 00:00:00,4.48,N/E,4.47,4.48
2020-09-11 00:00:00,4.52,N/E,4.5,4.54
2020-09-14 00:00:00,4.51,N/E,4.5,4.52
2020-09-15 00:00:00,4.54,N/E,4.52,4.56
2020-09-17 00:00:00,4.49,N/E,4.47,4.5
2020-09-18 00:00:00,4.5,N/E,4.5,4.51
2020-09-21 00:00:00,4.52,N/E,4.5,4.55
2020-09-22 00:00:00,4.58,N/E,4.55,4.6
2020-09-23 00:00:00,4.63,N/E,4.6,4.65
2020-09-24 00:00:00,4.55,N/E,4.5,4.63
2020-09-25 00:00:00,4.25,N/E,4.24,4.26
2020-09-28 00:00:00,4.25,N/E,4.25,4.27
2020-09-29 00:00:00,4.3,N/E,4.27,4.3
2020-09-30 00:00:00,4.27,N/E,4.24,4.3
2020-10-01 00:00:00,4.24,N/E,4.23,4.25
2020-10-02 00:00:00,4.24,N/E,4.23,4.25
2020-10-05 00:00:00,4.23,N/E,4.21,4.24
2020-10-06 00:00:00,4.25,N/E,4.24,4.26
2020-10-07 00:00:00,4.25,N/E,4.24,4.25
2020-10-08 00:00:00,4.25,N/E,4.24,4.25
2020-10-09 00:00:00,4.25,N/E,4.24,4.26
2020-10-12 00:00:00,4.25,N/E,4.24,4.25
2020-10-13 00:00:00,4.25,N/E,4.24,4.25
2020-10-14 00:00:00,4.24,N/E,4.22,4.25
2020-10-15 00:00:00,4.23,N/E,4.22,4.24
2020-10-16 00:00:00,4.24,N/E,4.23,4.25
2020-10-19 00:00:00,4.22,N/E,4.2,4.23
2020-10-20 00:00:00,4.23,N/E,4.22,4.23
2020-10-21 00:00:00,4.24,N/E,4.23,4.25
2020-10-22 00:00:00,4.25,N/E,4.23,4.25
2020-10-23 00:00:00,4.29,N/E,4.26,4.3
2020-10-26 00:00:00,4.27,N/E,4.26,4.28
2020-10-27 00:00:00,4.26,N/E,4.25,4.26
2020-10-28 00:00:00,4.24,N/E,4.23,4.25
2020-10-29 00:00:00,4.24,N/E,4.24,4.25
2020-10-30 00:00:00,4.28,N/E,4.26,4.29
2020-11-03 00:00:00,4.26,N/E,4.25,4.27
2020-11-04 00:00:00,4.27,N/E,4.27,4.29
2020-11-05 00:00:00,4.27,N/E,4.26,4.27
2020-11-06 00:00:00,4.25,N/E,4.25,4.26
2020-11-09 00:00:00,4.26,N/E,4.26,4.26
2020-11-10 00:00:00,4.25,N/E,4.25,4.26
2020-11-11 00:00:00,4.24,N/E,4.23,4.25
2020-11-12 00:00:00,4.25,N/E,4.25,4.26
2020-11-13 00:00:00,4.26,N/E,4.25,4.27
2020-11-17 00:00:00,4.25,N/E,4.24,4.25
2020-11-18 00:00:00,4.24,N/E,4.23,4.25
2020-11-19 00:00:00,4.24,N/E,4.22,4.26
2020-11-20 00:00:00,4.21,N/E,4.2,4.23
2020-11-23 00:00:00,4.24,N/E,4.22,4.25
2020-11-24 00:00:00,4.32,N/E,4.28,4.34
2020-11-25 00:00:00,4.3,N/E,4.27,4.31
2020-11-26 00:00:00,4.28,N/E,4.27,4.29
2020-11-27 00:00:00,4.28,N/E,4.28,4.3
2020-11-30 00:00:00,4.42,N/E,4.4,4.45
2020-12-01 00:00:00,4.35,N/E,4.3,4.39
2020-12-02 00:00:00,4.3,N/E,4.26,4.32
2020-12-03 00:00:00,4.24,N/E,4.22,4.25
2020-12-04 00:00:00,4.23,N/E,4.18,4.25
2020-12-07 00:00:00,4.25,N/E,4.25,4.27
2020-12-08 00:00:00,4.27,N/E,4.24,4.32
2020-12-09 00:00:00,4.26,N/E,4.25,4.28
2020-12-10 00:00:00,4.3,N/E,4.28,4.3
2020-12-11 00:00:00,4.2,N/E,4.16,4.23
2020-12-14 00:00:00,4.26,N/E,4.25,4.27
2020-12-15 00:00:00,4.3,N/E,4.28,4.32
2020-12-16 00:00:00,4.28,N/E,4.25,4.3
2020-12-17 00:00:00,4.21,N/E,4.2,4.25
2020-12-18 00:00:00,4.22,N/E,4.2,4.25
2020-12-21 00:00:00,4.27,N/E,4.25,4.3
2020-12-22 00:00:00,4.28,N/E,4.27,4.28
2020-12-23 00:00:00,4.28,N/E,4.27,4.3
2020-12-24 00:00:00,4.35,N/E,4.3,4.38
2020-12-28 00:00:00,4.43,N/E,4.35,4.49
2020-12-29 00:00:00,4.4,N/E,4.35,4.43
2020-12-30 00:00:00,4.36,N/E,4.35,4.38
2020-12-31 00:00:00,4.38,N/E,4.3,4.4
2021-01-04 00:00:00,4.3,N/E,4.29,4.33
2021-01-05 00:00:00,4.28,N/E,4.25,4.31
2021-01-06 00:00:00,4.23,N/E,4.17,4.25
2021-01-07 00:00:00,4.21,N/E,4.2,4.23
2021-01-08 00:00:00,4.23,N/E,4.21,4.24
2021-01-11 00:00:00,4.22,N/E,4.2,4.23
2021-01-12 00:00:00,4.25,N/E,4.24,4.27
2021-01-13 00:00:00,4.32,N/E,4.3,4.34
2021-01-14 00:00:00,4.28,N/E,4.28,4.29
2021-01-15 00:00:00,4.29,N/E,4.25,4.3
2021-01-18 00:00:00,4.24,N/E,4.23,4.25
2021-01-19 00:00:00,4.25,N/E,4.24,4.26
2021-01-20 00:00:00,4.33,N/E,4.3,4.33
2021-01-21 00:00:00,4.3,N/E,4.26,4.32
2021-01-22 00:00:00,4.32,N/E,4.29,4.33
2021-01-25 00:00:00,4.4,N/E,4.36,4.42
2021-01-26 00:00:00,4.46,N/E,4.4,4.52
2021-01-27 00:00:00,4.37,N/E,4.31,4.4
2021-01-28 00:00:00,4.35,N/E,4.33,4.37
2021-01-29 00:00:00,4.39,N/E,4.32,4.44
2021-02-02 00:00:00,4.27,N/E,4.25,4.29
2021-02-03 00:00:00,4.24,N/E,4.22,4.26
2021-02-04 00:00:00,4.2,N/E,4.19,4.23
2021-02-05 00:00:00,4.24,N/E,4.22,4.25
2021-02-08 00:00:00,4.3,N/E,4.28,4.32
2021-02-09 00:00:00,4.28,N/E,4.26,4.35
2021-02-10 00:00:00,4.25,N/E,4.23,4.26
2021-02-11 00:00:00,4.24,N/E,4.22,4.25
2021-02-12 00:00:00,4,N/E,3.98,4.02
2021-02-15 00:00:00,3.97,N/E,3.96,3.98
2021-02-16 00:00:00,3.96,N/E,3.94,3.98
2021-02-17 00:00:00,3.94,N/E,3.92,3.95
2021-02-18 00:00:00,3.97,N/E,3.95,4
2021-02-19 00:00:00,4.03,N/E,4.02,4.05
2021-02-22 00:00:00,4.09,N/E,4.06,4.11
2021-02-23 00:00:00,4.03,N/E,4,4.03
2021-02-24 00:00:00,4.07,N/E,4.05,4.08
2021-02-25 00:00:00,4.04,N/E,4.01,4.05
2021-02-26 00:00:00,4.03,N/E,4,4.08
2021-03-01 00:00:00,4.05,N/E,4.04,4.05
2021-03-02 00:00:00,4.04,N/E,4.03,4.05
2021-03-03 00:00:00,4.01,N/E,3.98,4.03
2021-03-04 00:00:00,3.92,N/E,3.9,3.97
2021-03-05 00:00:00,3.95,N/E,3.94,3.96
2021-03-08 00:00:00,3.99,N/E,3.98,4
2021-03-09 00:00:00,4.01,N/E,4,4.03
2021-03-10 00:00:00,4.06,N/E,4.05,4.07
2021-03-11 00:00:00,4.07,N/E,4.03,4.07
2021-03-12 00:00:00,4.02,N/E,4,4.03
2021-03-16 00:00:00,4,N/E,4,4.02
2021-03-17 00:00:00,3.99,N/E,3.97,4
2021-03-18 00:00:00,3.99,N/E,3.98,4
2021-03-19 00:00:00,4.03,N/E,4.01,4.05
2021-03-22 00:00:00,4.02,N/E,4,4.03
2021-03-23 00:00:00,4.09,N/E,4.08,4.1
2021-03-24 00:00:00,3.98,N/E,3.96,4
2021-03-25 00:00:00,4,N/E,3.98,4.01
2021-03-26 00:00:00,3.98,N/E,3.97,4
2021-03-29 00:00:00,3.95,N/E,3.93,3.99
2021-03-30 00:00:00,3.97,N/E,3.95,4
2021-03-31 00:00:00,4.2,N/E,4.14,4.23
2021-04-05 00:00:00,4.06,N/E,4.03,4.08
2021-04-06 00:00:00,4.03,N/E,4.02,4.03
2021-04-07 00:00:00,4.01,N/E,3.98,4.02
2021-04-08 00:00:00,4.02,N/E,4.01,4.03
2021-04-09 00:00:00,4.05,N/E,4.01,4.06
2021-04-12 00:00:00,4.01,N/E,3.99,4.03
2021-04-13 00:00:00,4,N/E,3.99,4.01
2021-04-14 00:00:00,4,N/E,3.98,4
2021-04-15 00:00:00,3.99,N/E,3.98,4
2021-04-16 00:00:00,4,N/E,3.99,4
2021-04-19 00:00:00,3.97,N/E,3.96,3.99
2021-04-20 00:00:00,4,N/E,3.99,4
2021-04-21 00:00:00,4,N/E,3.98,4.02
2021-04-22 00:00:00,4.01,N/E,4,4.02
2021-04-23 00:00:00,4.01,N/E,3.99,4.01
2021-04-26 00:00:00,3.99,N/E,3.98,4
2021-04-27 00:00:00,4,N/E,4,4.01
2021-04-28 00:00:00,4.01,N/E,4,4.02
2021-04-29 00:00:00,4.06,N/E,4.04,4.07
2021-04-30 00:00:00,4.06,N/E,4.04,4.07
2021-05-03 00:00:00,4.04,N/E,4.03,4.05
2021-05-04 00:00:00,4.07,N/E,4.06,4.08
2021-05-05 00:00:00,4.02,N/E,4,4.02
2021-05-06 00:00:00,4.02,N/E,4,4.02
2021-05-07 00:00:00,4.02,N/E,4.01,4.02
2021-05-10 00:00:00,4.04,N/E,4.02,4.04
2021-05-11 00:00:00,4.03,N/E,4,4.04
2021-05-12 00:00:00,4.01,N/E,4,4.02
2021-05-13 00:00:00,4.02,N/E,4.01,4.02
2021-05-14 00:00:00,4.01,N/E,3.99,4.02
2021-05-17 00:00:00,4,N/E,4,4.02
2021-05-18 00:00:00,4.02,N/E,4,4.02
2021-05-19 00:00:00,4.05,N/E,4.04,4.08
2021-05-20 00:00:00,4.07,N/E,4.06,4.08
2021-05-21 00:00:00,4.03,N/E,4.01,4.04
2021-05-24 00:00:00,4.06,N/E,4.03,4.07
2021-05-25 00:00:00,4.05,N/E,4.04,4.06
2021-05-26 00:00:00,4.04,N/E,4.03,4.05
2021-05-27 00:00:00,4.05,N/E,4.04,4.05
2021-05-28 00:00:00,4.05,N/E,4.03,4.06
2021-05-31 00:00:00,4.06,N/E,4,4.08
2021-06-01 00:00:00,4.05,N/E,4.03,4.06
2021-06-02 00:00:00,4.02,N/E,4,4.04
2021-06-03 00:00:00,4.01,N/E,3.99,4.02
2021-06-04 00:00:00,4.01,N/E,4,4.02
2021-06-07 00:00:00,4.01,N/E,4.01,4.02
2021-06-08 00:00:00,4.01,N/E,3.99,4.02
2021-06-09 00:00:00,4.01,N/E,4,4.02
2021-06-10 00:00:00,3.98,N/E,3.95,4.01
2021-06-11 00:00:00,3.85,N/E,3.75,3.92
2021-06-14 00:00:00,3.87,N/E,3.84,3.93
2021-06-15 00:00:00,3.98,N/E,3.96,4
2021-06-16 00:00:00,4.03,N/E,4.02,4.04
2021-06-17 00:00:00,3.96,N/E,3.94,3.98
2021-06-18 00:00:00,3.96,N/E,3.93,3.99
2021-06-21 00:00:00,4.01,N/E,4,4.03
2021-06-22 00:00:00,4.05,N/E,4.04,4.06
2021-06-23 00:00:00,4.04,N/E,4.01,4.05
2021-06-24 00:00:00,4.03,N/E,4.02,4.03
2021-06-25 00:00:00,4.32,N/E,4.28,4.33
2021-06-28 00:00:00,4.27,N/E,4.23,4.3
2021-06-29 00:00:00,4.26,N/E,4.21,4.26
2021-06-30 00:00:00,4.22,N/E,4.18,4.26
2021-07-01 00:00:00,4.23,N/E,4.2,4.24
2021-07-02 00:00:00,4.23,N/E,4.22,4.25
2021-07-05 00:00:00,4.24,N/E,4.23,4.25
2021-07-06 00:00:00,4.24,N/E,4.22,4.25
2021-07-07 00:00:00,4.24,N/E,4.22,4.24
2021-07-08 00:00:00,4.24,N/E,4.24,4.25
2021-07-09 00:00:00,4.27,N/E,4.26,4.28
2021-07-12 00:00:00,4.28,N/E,4.27,4.3
2021-07-13 00:00:00,4.27,N/E,4.27,4.28
2021-07-14 00:00:00,4.27,N/E,4.27,4.28
2021-07-15 00:00:00,4.27,N/E,4.25,4.28
2021-07-16 00:00:00,4.25,N/E,4.23,4.26
2021-07-19 00:00:00,4.23,N/E,4.21,4.25
2021-07-20 00:00:00,4.24,N/E,4.23,4.26
2021-07-21 00:00:00,4.3,N/E,4.27,4.33
2021-07-22 00:00:00,4.34,N/E,4.32,4.35
2021-07-23 00:00:00,4.28,N/E,4.27,4.3
2021-07-26 00:00:00,4.33,N/E,4.31,4.36
2021-07-27 00:00:00,4.3,N/E,4.28,4.31
2021-07-28 00:00:00,4.27,N/E,4.26,4.28
2021-07-29 00:00:00,4.28,N/E,4.27,4.29
2021-07-30 00:00:00,4.45,N/E,4.34,4.47
2021-08-02 00:00:00,4.29,N/E,4.28,4.32
2021-08-03 00:00:00,4.24,N/E,4.22,4.26
2021-08-04 00:00:00,4.23,N/E,4.22,4.25
2021-08-05 00:00:00,4.22,N/E,4.2,4.23
2021-08-06 00:00:00,4.21,N/E,4.2,4.23
2021-08-09 00:00:00,4.24,N/E,4.22,4.25
2021-08-10 00:00:00,4.24,N/E,4.23,4.25
2021-08-11 00:00:00,4.27,N/E,4.25,4.29
2021-08-12 00:00:00,4.28,N/E,4.26,4.33
2021-08-13 00:00:00,4.48,N/E,4.47,4.5
2021-08-16 00:00:00,4.5,N/E,4.49,4.51
2021-08-17 00:00:00,4.47,N/E,4.45,4.49
2021-08-18 00:00:00,4.47,N/E,4.46,4.48
2021-08-19 00:00:00,4.53,N/E,4.52,4.54
2021-08-20 00:00:00,4.55,N/E,4.54,4.57
2021-08-23 00:00:00,4.6,N/E,4.58,4.62
2021-08-24 00:00:00,4.57,N/E,4.55,4.57
2021-08-25 00:00:00,4.53,N/E,4.52,4.54
2021-08-26 00:00:00,4.52,N/E,4.51,4.53
2021-08-27 00:00:00,4.52,N/E,4.5,4.53
2021-08-30 00:00:00,4.53,N/E,4.52,4.54
2021-08-31 00:00:00,4.63,N/E,4.57,4.65
2021-09-01 00:00:00,4.53,N/E,4.51,4.54
2021-09-02 00:00:00,4.53,N/E,4.51,4.54
2021-09-03 00:00:00,4.54,N/E,4.53,4.55
2021-09-06 00:00:00,4.53,N/E,4.53,4.55
2021-09-07 00:00:00,4.54,N/E,4.53,4.56
2021-09-08 00:00:00,4.56,N/E,4.54,4.58
2021-09-09 00:00:00,4.55,N/E,4.54,4.56
2021-09-10 00:00:00,4.61,N/E,4.59,4.65
2021-09-13 00:00:00,4.58,N/E,4.55,4.59
2021-09-14 00:00:00,4.6,N/E,4.58,4.6
2021-09-15 00:00:00,4.64,N/E,4.58,4.65
2021-09-17 00:00:00,4.53,N/E,4.5,4.58
2021-09-20 00:00:00,4.58,N/E,4.56,4.6
2021-09-21 00:00:00,4.66,N/E,4.64,4.68
2021-09-22 00:00:00,4.59,N/E,4.57,4.68
2021-09-23 00:00:00,4.62,N/E,4.58,4.63
2021-09-24 00:00:00,4.6,N/E,4.55,4.6
2021-09-27 00:00:00,4.56,N/E,4.54,4.58
2021-09-28 00:00:00,4.55,N/E,4.54,4.56
2021-09-29 00:00:00,4.61,N/E,4.58,4.63
2021-09-30 00:00:00,4.66,N/E,4.63,4.67
2021-10-01 00:00:00,5.05,N/E,4.97,5.1
2021-10-04 00:00:00,4.91,N/E,4.88,4.93
2021-10-05 00:00:00,4.87,N/E,4.85,4.89
2021-10-06 00:00:00,4.8,N/E,4.78,4.81
2021-10-07 00:00:00,4.78,N/E,4.75,4.8
2021-10-08 00:00:00,4.77,N/E,4.74,4.78
2021-10-11 00:00:00,4.76,N/E,4.72,4.77
2021-10-12 00:00:00,4.72,N/E,4.71,4.75
2021-10-13 00:00:00,4.71,N/E,4.7,4.73
2021-10-14 00:00:00,4.73,N/E,4.72,4.74
2021-10-15 00:00:00,4.74,N/E,4.73,4.75
2021-10-18 00:00:00,4.75,N/E,4.73,4.76
2021-10-19 00:00:00,4.82,N/E,4.79,4.83
2021-10-20 00:00:00,4.83,N/E,4.8,4.85
2021-10-21 00:00:00,4.78,N/E,4.77,4.8
2021-10-22 00:00:00,4.79,N/E,4.75,4.8
2021-10-25 00:00:00,4.78,N/E,4.75,4.79
2021-10-26 00:00:00,4.77,N/E,4.77,4.78
2021-10-27 00:00:00,4.77,N/E,4.77,4.78
2021-10-28 00:00:00,4.87,N/E,4.84,4.9
2021-10-29 00:00:00,4.88,N/E,4.85,4.89
2021-11-01 00:00:00,4.88,N/E,4.85,4.88
2021-11-03 00:00:00,4.92,N/E,4.9,4.95
2021-11-04 00:00:00,4.79,N/E,4.75,4.83
2021-11-05 00:00:00,4.77,N/E,4.77,4.78
2021-11-08 00:00:00,4.77,N/E,4.75,4.78
2021-11-09 00:00:00,4.79,N/E,4.76,4.81
2021-11-10 00:00:00,4.79,N/E,4.76,4.79
2021-11-11 00:00:00,4.77,N/E,4.76,4.79
2021-11-12 00:00:00,5.02,N/E,5,5.05
2021-11-16 00:00:00,5,N/E,4.96,5.01
2021-11-17 00:00:00,4.97,N/E,4.95,4.99
2021-11-18 00:00:00,4.99,N/E,4.98,5
2021-11-19 00:00:00,5,N/E,4.98,5.02
2021-11-22 00:00:00,4.99,N/E,4.98,5
2021-11-23 00:00:00,4.98,N/E,4.97,5
2021-11-24 00:00:00,4.98,N/E,4.97,5
2021-11-25 00:00:00,4.98,N/E,4.97,4.99
2021-11-26 00:00:00,4.97,N/E,4.95,4.98
2021-11-29 00:00:00,4.96,N/E,4.95,4.98
2021-11-30 00:00:00,4.97,N/E,4.96,5
2021-12-01 00:00:00,4.98,N/E,4.97,5
2021-12-02 00:00:00,4.98,N/E,4.96,4.99
2021-12-03 00:00:00,4.94,N/E,4.93,4.97
2021-12-06 00:00:00,4.94,N/E,4.93,4.96
2021-12-07 00:00:00,4.95,N/E,4.94,4.97
2021-12-08 00:00:00,4.94,N/E,4.94,4.96
2021-12-09 00:00:00,4.94,N/E,4.91,4.95
2021-12-10 00:00:00,4.85,N/E,4.81,4.91
2021-12-13 00:00:00,4.86,N/E,4.85,4.88
2021-12-14 00:00:00,4.9,N/E,4.88,4.91
2021-12-15 00:00:00,4.97,N/E,4.94,5
2021-12-16 00:00:00,5.01,N/E,4.97,5.03
2021-12-17 00:00:00,5.43,N/E,5.4,5.47
2021-12-20 00:00:00,5.45,N/E,5.42,5.47
2021-12-21 00:00:00,5.46,N/E,5.45,5.48
2021-12-22 00:00:00,5.5,N/E,5.48,5.51
2021-12-23 00:00:00,5.54,N/E,5.52,5.56
2021-12-24 00:00:00,5.55,N/E,5.53,5.57
2021-12-27 00:00:00,5.56,N/E,5.52,5.58
2021-12-28 00:00:00,5.5,N/E,5.47,5.53
2021-12-29 00:00:00,5.47,N/E,5.45,5.51
2021-12-30 00:00:00,5.45,N/E,5.43,5.46
2021-12-31 00:00:00,5.42,N/E,5.4,5.45
2022-01-03 00:00:00,5.48,N/E,5.47,5.5
2022-01-04 00:00:00,5.48,N/E,5.48,5.5
2022-01-05 00:00:00,5.48,N/E,5.47,5.49
2022-01-06 00:00:00,5.48,N/E,5.47,5.49
2022-01-07 00:00:00,5.49,N/E,5.48,5.51
2022-01-10 00:00:00,5.51,N/E,5.5,5.52
2022-01-11 00:00:00,5.51,N/E,5.5,5.52
2022-01-12 00:00:00,5.5,N/E,5.49,5.51
2022-01-13 00:00:00,5.51,N/E,5.5,5.52
2022-01-14 00:00:00,5.5,N/E,5.49,5.51
2022-01-17 00:00:00,5.48,N/E,5.46,5.5
2022-01-18 00:00:00,5.48,N/E,5.46,5.49
2022-01-19 00:00:00,5.48,N/E,5.47,5.5
2022-01-20 00:00:00,5.49,N/E,5.48,5.51
2022-01-21 00:00:00,5.6,N/E,5.57,5.61
2022-01-24 00:00:00,5.52,N/E,5.52,5.53
2022-01-25 00:00:00,5.53,N/E,5.51,5.54
2022-01-26 00:00:00,5.5,N/E,5.5,5.51
2022-01-27 00:00:00,5.49,N/E,5.47,5.5
2022-01-28 00:00:00,5.48,N/E,5.47,5.49
2022-01-31 00:00:00,5.5,N/E,5.49,5.51
2022-02-01 00:00:00,5.54,N/E,5.53,5.55
2022-02-02 00:00:00,5.54,N/E,5.51,5.55
2022-02-03 00:00:00,5.43,N/E,5.4,5.45
2022-02-04 00:00:00,5.44,N/E,5.43,5.46
2022-02-08 00:00:00,5.46,N/E,5.46,5.47
2022-02-09 00:00:00,5.46,N/E,5.45,5.48
2022-02-10 00:00:00,5.5,N/E,5.48,5.52
2022-02-11 00:00:00,6.02,N/E,6,6.03
2022-02-14 00:00:00,6.02,N/E,6.01,6.03
2022-02-15 00:00:00,6,N/E,5.99,6.01
2022-02-16 00:00:00,5.95,N/E,5.94,5.96
2022-02-17 00:00:00,5.9,N/E,5.86,5.94
2022-02-18 00:00:00,5.96,N/E,5.94,5.97
2022-02-21 00:00:00,6,N/E,5.98,6.01
2022-02-22 00:00:00,5.99,N/E,5.98,6.01
2022-02-23 00:00:00,5.96,N/E,5.95,5.98
2022-02-24 00:00:00,5.99,N/E,5.98,6
2022-02-25 00:00:00,5.99,N/E,5.98,6
2022-02-28 00:00:00,6.01,N/E,6,6.02
2022-03-01 00:00:00,6.03,N/E,6.02,6.05
2022-03-02 00:00:00,6.03,N/E,6,6.05
2022-03-03 00:00:00,5.97,N/E,5.96,5.98
2022-03-04 00:00:00,5.98,N/E,5.97,5.99
2022-03-07 00:00:00,5.98,N/E,5.97,5.99
2022-03-08 00:00:00,5.96,N/E,5.95,5.98
2022-03-09 00:00:00,5.98,N/E,5.97,5.98
2022-03-10 00:00:00,5.97,N/E,5.95,5.98
2022-03-11 00:00:00,5.98,N/E,5.97,5.99
2022-03-14 00:00:00,6.01,N/E,6,6.02
2022-03-15 00:00:00,6.06,N/E,6.05,6.07
2022-03-16 00:00:00,6.02,N/E,6,6.02
2022-03-17 00:00:00,5.97,N/E,5.96,5.97
2022-03-18 00:00:00,5.97,N/E,5.95,5.97
2022-03-22 00:00:00,5.95,N/E,5.91,5.96
2022-03-23 00:00:00,5.9,N/E,5.89,5.92
2022-03-24 00:00:00,5.95,N/E,5.94,5.96
2022-03-25 00:00:00,6.47,N/E,6.45,6.48
2022-03-28 00:00:00,6.45,N/E,6.44,6.47
2022-03-29 00:00:00,6.46,N/E,6.45,6.47
2022-03-30 00:00:00,6.48,N/E,6.47,6.49
2022-03-31 00:00:00,6.52,N/E,6.51,6.53
2022-04-01 00:00:00,6.59,N/E,6.55,6.6
2022-04-04 00:00:00,6.56,N/E,6.54,6.58
2022-04-05 00:00:00,6.56,N/E,6.52,6.58
2022-04-06 00:00:00,6.5,N/E,6.49,6.51
2022-04-07 00:00:00,6.49,N/E,6.48,6.5
2022-04-08 00:00:00,6.5,N/E,6.48,6.51
2022-04-11 00:00:00,6.5,N/E,6.48,6.5
2022-04-12 00:00:00,6.51,N/E,6.5,6.52
2022-04-13 00:00:00,6.51,N/E,6.49,6.55
2022-04-18 00:00:00,6.48,N/E,6.47,6.49
2022-04-19 00:00:00,6.52,N/E,6.51,6.53
2022-04-20 00:00:00,6.54,N/E,6.52,6.56
2022-04-21 00:00:00,6.56,N/E,6.53,6.57
2022-04-22 00:00:00,6.52,N/E,6.51,6.55
2022-04-25 00:00:00,6.53,N/E,6.52,6.55
2022-04-26 00:00:00,6.52,N/E,6.5,6.56
2022-04-27 00:00:00,6.51,N/E,6.49,6.52
2022-04-28 00:00:00,6.55,N/E,6.54,6.57
2022-04-29 00:00:00,6.61,N/E,6.58,6.64
2022-05-02 00:00:00,6.55,N/E,6.53,6.57
2022-05-03 00:00:00,6.59,N/E,6.56,6.63
2022-05-04 00:00:00,6.5,N/E,6.48,6.51
2022-05-05 00:00:00,6.5,N/E,6.49,6.51
2022-05-06 00:00:00,6.5,N/E,6.49,6.51
2022-05-09 00:00:00,6.49,N/E,6.48,6.5
2022-05-10 00:00:00,6.49,N/E,6.48,6.5
2022-05-11 00:00:00,6.51,N/E,6.5,6.53
2022-05-12 00:00:00,6.55,N/E,6.53,6.56
2022-05-13 00:00:00,7.02,N/E,7,7.03
2022-05-16 00:00:00,6.97,N/E,6.96,6.99
2022-05-17 00:00:00,6.98,N/E,6.96,6.99
2022-05-18 00:00:00,6.98,N/E,6.97,6.99
2022-05-19 00:00:00,6.99,N/E,6.97,7
2022-05-20 00:00:00,6.99,N/E,6.98,7
2022-05-23 00:00:00,7,N/E,7,7
2022-05-24 00:00:00,7,N/E,6.99,7
2022-05-25 00:00:00,6.98,N/E,6.97,6.99
2022-05-26 00:00:00,6.98,N/E,6.98,6.99
2022-05-27 00:00:00,7.05,N/E,7.02,7.07
2022-05-30 00:00:00,7.02,N/E,7,7.03
2022-05-31 00:00:00,7.05,N/E,7.03,7.05
2022-06-01 00:00:00,7.07,N/E,7.05,7.08
2022-06-02 00:00:00,7.06,N/E,7.04,7.09
2022-06-03 00:00:00,6.98,N/E,6.97,6.99
2022-06-06 00:00:00,6.98,N/E,6.97,6.99
2022-06-07 00:00:00,7,N/E,6.99,7.01
2022-06-08 00:00:00,6.99,N/E,6.96,7
2022-06-09 00:00:00,6.91,N/E,6.88,6.93
2022-06-10 00:00:00,6.76,N/E,6.74,6.8
2022-06-13 00:00:00,6.8,N/E,6.75,6.81
2022-06-14 00:00:00,6.83,N/E,6.82,6.85
2022-06-15 00:00:00,6.91,N/E,6.9,6.93
2022-06-16 00:00:00,6.98,N/E,6.98,6.99
2022-06-17 00:00:00,6.99,N/E,6.96,7
2022-06-20 00:00:00,6.99,N/E,6.98,7
2022-06-21 00:00:00,7.02,N/E,7,7.03
2022-06-22 00:00:00,7,N/E,7,7.02
2022-06-23 00:00:00,6.98,N/E,6.95,7.01
2022-06-24 00:00:00,7.7,N/E,7.68,7.73
2022-06-27 00:00:00,7.7,N/E,7.69,7.72
2022-06-28 00:00:00,7.73,N/E,7.72,7.74
2022-06-29 00:00:00,7.75,N/E,7.75,7.76
2022-06-30 00:00:00,7.8,N/E,7.76,7.82
2022-07-01 00:00:00,7.76,N/E,7.74,7.77
2022-07-04 00:00:00,7.77,N/E,7.76,7.78
2022-07-05 00:00:00,7.72,N/E,7.7,7.75
2022-07-06 00:00:00,7.73,N/E,7.72,7.74
2022-07-07 00:00:00,7.74,N/E,7.73,7.75
2022-07-08 00:00:00,7.73,N/E,7.73,7.74
2022-07-11 00:00:00,7.75,N/E,7.74,7.76
2022-07-12 00:00:00,7.78,N/E,7.77,7.79
2022-07-13 00:00:00,7.78,N/E,7.75,7.79
2022-07-14 00:00:00,7.76,N/E,7.72,7.77
2022-07-15 00:00:00,7.73,N/E,7.7,7.75
2022-07-18 00:00:00,7.73,N/E,7.72,7.74
2022-07-19 00:00:00,7.74,N/E,7.73,7.75
2022-07-20 00:00:00,7.75,N/E,7.75,7.76
2022-07-21 00:00:00,7.77,N/E,7.75,7.8
2022-07-22 00:00:00,7.75,N/E,7.73,7.75
2022-07-25 00:00:00,7.75,N/E,7.75,7.76
2022-07-26 00:00:00,7.76,N/E,7.75,7.77
2022-07-27 00:00:00,7.76,N/E,7.75,7.77
2022-07-28 00:00:00,7.76,N/E,7.75,7.76
2022-07-29 00:00:00,7.8,N/E,7.79,7.81
2022-08-01 00:00:00,7.79,N/E,7.77,7.82
2022-08-02 00:00:00,7.76,N/E,7.75,7.77
2022-08-03 00:00:00,7.77,N/E,7.76,7.78
2022-08-04 00:00:00,7.75,N/E,7.75,7.76
2022-08-05 00:00:00,7.72,N/E,7.71,7.74
2022-08-08 00:00:00,7.73,N/E,7.72,7.74
2022-08-09 00:00:00,7.73,N/E,7.72,7.74
2022-08-10 00:00:00,7.73,N/E,7.72,7.74
2022-08-11 00:00:00,7.75,N/E,7.74,7.75
2022-08-12 00:00:00,8.5,N/E,8.5,8.51
2022-08-15 00:00:00,8.54,N/E,8.53,8.55
2022-08-16 00:00:00,8.49,N/E,8.48,8.5
2022-08-17 00:00:00,8.47,N/E,8.45,8.48
2022-08-18 00:00:00,8.45,N/E,8.43,8.47
2022-08-19 00:00:00,8.5,N/E,8.49,8.52
2022-08-22 00:00:00,8.56,N/E,8.53,8.57
2022-08-23 00:00:00,8.52,N/E,8.5,8.54
2022-08-24 00:00:00,8.5,N/E,8.48,8.5
2022-08-25 00:00:00,8.51,N/E,8.51,8.52
2022-08-26 00:00:00,8.52,N/E,8.51,8.53
2022-08-29 00:00:00,8.55,N/E,8.54,8.56
2022-08-30 00:00:00,8.56,N/E,8.53,8.56
2022-08-31 00:00:00,8.66,N/E,8.62,8.7
2022-09-01 00:00:00,8.58,N/E,8.57,8.6
2022-09-02 00:00:00,8.53,N/E,8.52,8.55
2022-09-05 00:00:00,8.52,N/E,8.51,8.53
2022-09-06 00:00:00,8.5,N/E,8.49,8.52
2022-09-07 00:00:00,8.5,N/E,8.49,8.52
2022-09-08 00:00:00,8.48,N/E,8.47,8.5
2022-09-09 00:00:00,8.47,N/E,8.46,8.49
2022-09-12 00:00:00,8.49,N/E,8.48,8.5
2022-09-13 00:00:00,8.49,N/E,8.48,8.5
2022-09-14 00:00:00,8.48,N/E,8.47,8.5
2022-09-15 00:00:00,8.47,N/E,8.46,8.49
2022-09-19 00:00:00,8.46,N/E,8.45,8.49
2022-09-20 00:00:00,8.48,N/E,8.47,8.49
2022-09-21 00:00:00,8.51,N/E,8.5,8.53
2022-09-22 00:00:00,8.55,N/E,8.53,8.58
2022-09-23 00:00:00,8.52,N/E,8.5,8.53
2022-09-26 00:00:00,8.52,N/E,8.5,8.53
2022-09-27 00:00:00,8.5,N/E,8.5,8.51
2022-09-28 00:00:00,8.51,N/E,8.5,8.53
2022-09-29 00:00:00,8.54,N/E,8.52,8.55
2022-09-30 00:00:00,9.35,N/E,9.35,9.36
2022-10-03 00:00:00,9.29,N/E,9.27,9.31
2022-10-04 00:00:00,9.29,N/E,9.27,9.29
2022-10-05 00:00:00,9.25,N/E,9.23,9.26
2022-10-06 00:00:00,9.25,N/E,9.25,9.27
2022-10-07 00:00:00,9.22,N/E,9.2,9.23
2022-10-10 00:00:00,9.22,N/E,9.2,9.23
2022-10-11 00:00:00,9.24,N/E,9.23,9.25
2022-10-12 00:00:00,9.25,N/E,9.24,9.26
2022-10-13 00:00:00,9.25,N/E,9.22,9.25
2022-10-14 00:00:00,9.24,N/E,9.23,9.25
2022-10-17 00:00:00,9.23,N/E,9.21,9.24
2022-10-18 00:00:00,9.25,N/E,9.24,9.25
2022-10-19 00:00:00,9.23,N/E,9.21,9.24
2022-10-20 00:00:00,9.21,N/E,9.2,9.23
2022-10-21 00:00:00,9.22,N/E,9.21,9.23
2022-10-24 00:00:00,9.24,N/E,9.23,9.25
2022-10-25 00:00:00,9.26,N/E,9.25,9.28
2022-10-26 00:00:00,9.24,N/E,9.23,9.24
2022-10-27 00:00:00,9.23,N/E,9.22,9.24
2022-10-28 00:00:00,9.22,N/E,9.21,9.23
2022-10-31 00:00:00,9.25,N/E,9.24,9.26
2022-11-01 00:00:00,9.26,N/E,9.25,9.27
2022-11-03 00:00:00,9.28,N/E,9.26,9.29
2022-11-04 00:00:00,9.24,N/E,9.22,9.25
2022-11-07 00:00:00,9.23,N/E,9.21,9.24
2022-11-08 00:00:00,9.22,N/E,9.2,9.23
2022-11-09 00:00:00,9.24,N/E,9.23,9.24
2022-11-10 00:00:00,9.26,N/E,9.25,9.27
2022-11-11 00:00:00,10.05,N/E,10.03,10.07
2022-11-14 00:00:00,10.01,N/E,9.98,10.02
2022-11-15 00:00:00,9.98,N/E,9.97,9.99
2022-11-16 00:00:00,9.98,N/E,9.96,9.98
2022-11-17 00:00:00,9.96,N/E,9.94,9.97
2022-11-18 00:00:00,9.97,N/E,9.95,9.98
2022-11-22 00:00:00,10,N/E,9.99,10.02
2022-11-23 00:00:00,10.05,N/E,10.04,10.08
2022-11-24 00:00:00,10.01,N/E,10,10.03
2022-11-25 00:00:00,10.02,N/E,10.02,10.03
2022-11-28 00:00:00,10.05,N/E,10.04,10.05
2022-11-29 00:00:00,10.08,N/E,10.06,10.1
2022-11-30 00:00:00,10.05,N/E,10.02,10.06
2022-12-01 00:00:00,10.04,N/E,10.01,10.06
2022-12-02 00:00:00,10.02,N/E,10,10.03
2022-12-05 00:00:00,10.02,N/E,10.02,10.02
2022-12-06 00:00:00,10.02,N/E,10.02,10.02
2022-12-07 00:00:00,10.03,N/E,10.02,10.03
2022-12-08 00:00:00,10.02,N/E,10.01,10.03
2022-12-09 00:00:00,10.03,N/E,10.02,10.04
2022-12-13 00:00:00,10.05,N/E,10.03,10.06
2022-12-14 00:00:00,10.1,N/E,10.08,10.15
2022-12-15 00:00:00,10.04,N/E,10,10.04
2022-12-16 00:00:00,10.52,N/E,10.5,10.53
2022-12-19 00:00:00,10.52,N/E,10.5,10.53
2022-12-20 00:00:00,10.51,N/E,10.5,10.53
2022-12-21 00:00:00,10.54,N/E,10.53,10.55
2022-12-22 00:00:00,10.54,N/E,10.52,10.56
2022-12-23 00:00:00,10.53,N/E,10.52,10.56
2022-12-26 00:00:00,10.55,N/E,10.54,10.55
2022-12-27 00:00:00,10.53,N/E,10.48,10.54
2022-12-28 00:00:00,10.51,N/E,10.49,10.52
2022-12-29 00:00:00,10.52,N/E,10.5,10.53
2022-12-30 00:00:00,10.54,N/E,10.52,10.55
2023-01-02 00:00:00,10.55,N/E,10.52,10.55
2023-01-03 00:00:00,10.52,N/E,10.5,10.54
2023-01-04 00:00:00,10.49,N/E,10.46,10.5
2023-01-05 00:00:00,10.47,N/E,10.46,10.49
2023-01-06 00:00:00,10.47,N/E,10.45,10.48
2023-01-09 00:00:00,10.47,N/E,10.46,10.49
2023-01-10 00:00:00,10.46,N/E,10.45,10.47
2023-01-11 00:00:00,10.47,N/E,10.46,10.47
2023-01-12 00:00:00,10.48,N/E,10.46,10.48
2023-01-13 00:00:00,10.49,N/E,10.48,10.5
2023-01-16 00:00:00,10.5,N/E,10.49,10.52
2023-01-17 00:00:00,10.49,N/E,10.46,10.51
2023-01-18 00:00:00,10.48,N/E,10.46,10.49
2023-01-19 00:00:00,10.53,N/E,10.53,10.56
2023-01-20 00:00:00,10.62,N/E,10.59,10.8
2023-01-23 00:00:00,10.54,N/E,10.52,10.55
2023-01-24 00:00:00,10.5,N/E,10.49,10.52
2023-01-25 00:00:00,10.49,N/E,10.48,10.5
2023-01-26 00:00:00,10.48,N/E,10.48,10.5
2023-01-27 00:00:00,10.53,N/E,10.5,10.53
2023-01-30 00:00:00,10.55,N/E,10.54,10.55
2023-01-31 00:00:00,10.57,N/E,10.55,10.58
2023-02-01 00:00:00,10.54,N/E,10.52,10.55
2023-02-02 00:00:00,10.5,N/E,10.49,10.52
2023-02-03 00:00:00,10.51,N/E,10.5,10.52
2023-02-07 00:00:00,10.51,N/E,10.5,10.52
2023-02-08 00:00:00,10.52,N/E,10.51,10.52
2023-02-09 00:00:00,10.51,N/E,10.5,10.52
2023-02-10 00:00:00,11.01,N/E,11,11.02
2023-02-13 00:00:00,10.97,N/E,10.95,10.99
2023-02-14 00:00:00,10.97,N/E,10.97,10.98
2023-02-15 00:00:00,10.98,N/E,10.97,10.98
2023-02-16 00:00:00,10.98,N/E,10.98,10.98
2023-02-17 00:00:00,10.99,N/E,10.99,11
2023-02-20 00:00:00,10.98,N/E,10.98,10.98
2023-02-21 00:00:00,11,N/E,10.99,11.01
2023-02-22 00:00:00,11,N/E,11,11.01
2023-02-23 00:00:00,10.99,N/E,10.98,11
2023-02-24 00:00:00,11,N/E,11,11.01
2023-02-27 00:00:00,11.05,N/E,11.04,11.06
2023-02-28 00:00:00,11.05,N/E,11.04,11.06
2023-03-01 00:00:00,11.06,N/E,11.04,11.06
2023-03-02 00:00:00,11.04,N/E,11.03,11.05
2023-03-03 00:00:00,11,N/E,10.98,11.02
2023-03-06 00:00:00,11,N/E,11,11.01
2023-03-07 00:00:00,11.05,N/E,11.05,11.06
2023-03-08 00:00:00,11.01,N/E,11,11.02
2023-03-09 00:00:00,10.94,N/E,10.92,10.97
2023-03-10 00:00:00,10.92,N/E,10.91,10.92
2023-03-13 00:00:00,10.97,N/E,10.97,10.99
2023-03-14 00:00:00,11.03,N/E,11,11.04
2023-03-15 00:00:00,11.08,N/E,11.05,11.1
2023-03-16 00:00:00,10.98,N/E,10.97,10.99
2023-03-17 00:00:00,11.02,N/E,11.01,11.03
2023-03-21 00:00:00,11,N/E,11,11.01
2023-03-22 00:00:00,11.03,N/E,11.01,11.05
2023-03-23 00:00:00,11.04,N/E,11.03,11.04
2023-03-24 00:00:00,11.03,N/E,11,11.04
2023-03-27 00:00:00,11.01,N/E,11.01,11.03
2023-03-28 00:00:00,11.01,N/E,10.99,11.03
2023-03-29 00:00:00,11.01,N/E,10.99,11.02
2023-03-30 00:00:00,11.01,N/E,11.01,11.02
2023-03-31 00:00:00,11.3,N/E,11.25,11.3
2023-04-03 00:00:00,11.3,N/E,11.27,11.33
2023-04-04 00:00:00,11.26,N/E,11.25,11.27
2023-04-05 00:00:00,11.25,N/E,11.24,11.26
2023-04-10 00:00:00,11.25,N/E,11.24,11.26
2023-04-11 00:00:00,11.29,N/E,11.28,11.3
2023-04-12 00:00:00,11.28,N/E,11.26,11.29
2023-04-13 00:00:00,11.24,N/E,11.23,11.26
2023-04-14 00:00:00,11.24,N/E,11.23,11.24
2023-04-17 00:00:00,11.22,N/E,11.21,11.23
2023-04-18 00:00:00,11.25,N/E,11.24,11.27
2023-04-19 00:00:00,11.26,N/E,11.25,11.27
2023-04-20 00:00:00,11.32,N/E,11.3,11.32
2023-04-21 00:00:00,11.3,N/E,11.28,11.3
2023-04-24 00:00:00,11.26,N/E,11.25,11.27
2023-04-25 00:00:00,11.25,N/E,11.24,11.26
2023-04-26 00:00:00,11.27,N/E,11.27,11.29
2023-04-27 00:00:00,11.28,N/E,11.27,11.3
2023-04-28 00:00:00,11.38,N/E,11.35,11.4
2023-05-02 00:00:00,11.37,N/E,11.35,11.4
2023-05-03 00:00:00,11.35,N/E,11.3,11.37
2023-05-04 00:00:00,11.28,N/E,11.27,11.3
2023-05-05 00:00:00,11.27,N/E,11.26,11.27
2023-05-08 00:00:00,11.26,N/E,11.25,11.27
2023-05-09 00:00:00,11.25,N/E,11.23,11.25
2023-05-10 00:00:00,11.25,N/E,11.25,11.26
2023-05-11 00:00:00,11.25,N/E,11.24,11.25
2023-05-12 00:00:00,11.27,N/E,11.25,11.28
2023-05-15 00:00:00,11.26,N/E,11.25,11.27
2023-05-16 00:00:00,11.26,N/E,11.25,11.27
2023-05-17 00:00:00,11.25,N/E,11.24,11.26
2023-05-18 00:00:00,11.25,N/E,11.25,11.26
2023-05-19 00:00:00,11.29,N/E,11.27,11.32
2023-05-22 00:00:00,11.33,N/E,11.32,11.35
2023-05-23 00:00:00,11.37,N/E,11.33,11.4
2023-05-24 00:00:00,11.29,N/E,11.27,11.3
2023-05-25 00:00:00,11.27,N/E,11.26,11.28
2023-05-26 00:00:00,11.26,N/E,11.26,11.27
2023-05-29 00:00:00,11.26,N/E,11.25,11.27
2023-05-30 00:00:00,11.26,N/E,11.26,11.27
2023-05-31 00:00:00,11.45,N/E,11.4,11.47
2023-06-01 00:00:00,11.28,N/E,11.26,11.31
2023-06-02 00:00:00,11.19,N/E,11.17,11.22
2023-06-05 00:00:00,11.2,N/E,11.19,11.22
2023-06-06 00:00:00,11.27,N/E,11.25,11.28
2023-06-07 00:00:00,11.26,N/E,11.25,11.27
2023-06-08 00:00:00,11.23,N/E,11.21,11.24
2023-06-09 00:00:00,11.23,N/E,11.21,11.24
2023-06-12 00:00:00,11.23,N/E,11.22,11.24
2023-06-13 00:00:00,11.25,N/E,11.23,11.26
2023-06-14 00:00:00,11.25,N/E,11.24,11.25
2023-06-15 00:00:00,11.26,N/E,11.25,11.26
2023-06-16 00:00:00,11.28,N/E,11.26,11.28
2023-06-19 00:00:00,11.24,N/E,11.23,11.26
2023-06-20 00:00:00,11.24,N/E,11.22,11.25
2023-06-21 00:00:00,11.22,N/E,11.2,11.23
2023-06-22 00:00:00,11.24,N/E,11.23,11.25
2023-06-23 00:00:00,11.25,N/E,11.24,11.26
2023-06-26 00:00:00,11.24,N/E,11.23,11.25
2023-06-27 00:00:00,11.24,N/E,11.23,11.25
2023-06-28 00:00:00,11.23,N/E,11.23,11.25
2023-06-29 00:00:00,11.25,N/E,11.25,11.27
2023-06-30 00:00:00,11.35,N/E,11.3,11.36
2023-07-03 00:00:00,11.27,N/E,11.26,11.28
2023-07-04 00:00:00,11.27,N/E,11.25,11.28
2023-07-05 00:00:00,11.23,N/E,11.21,11.24
2023-07-06 00:00:00,11.23,N/E,11.22,11.23
2023-07-07 00:00:00,11.22,N/E,11.2,11.23
2023-07-10 00:00:00,11.25,N/E,11.24,11.26
2023-07-11 00:00:00,11.28,N/E,11.27,11.29
2023-07-12 00:00:00,11.3,N/E,11.27,11.33
2023-07-13 00:00:00,11.26,N/E,11.25,11.27
2023-07-14 00:00:00,11.24,N/E,11.23,11.26
2023-07-17 00:00:00,11.2,N/E,11.18,11.22
2023-07-18 00:00:00,11.2,N/E,11.19,11.2
2023-07-19 00:00:00,11.22,N/E,11.2,11.23
2023-07-20 00:00:00,11.25,N/E,11.23,11.25
2023-07-21 00:00:00,11.27,N/E,11.26,11.3
2023-07-24 00:00:00,11.25,N/E,11.25,11.26
2023-07-25 00:00:00,11.25,N/E,11.23,11.25
2023-07-26 00:00:00,11.24,N/E,11.2,11.25
2023-07-27 00:00:00,11.18,N/E,11.17,11.18
2023-07-28 00:00:00,11.24,N/E,11.23,11.25
2023-07-31 00:00:00,11.29,N/E,11.27,11.3
2023-08-01 00:00:00,11.27,N/E,11.26,11.28
2023-08-02 00:00:00,11.26,N/E,11.25,11.27
2023-08-03 00:00:00,11.25,N/E,11.24,11.26
2023-08-04 00:00:00,11.25,N/E,11.23,11.25
2023-08-07 00:00:00,11.24,N/E,11.23,11.25
2023-08-08 00:00:00,11.24,N/E,11.23,11.24
2023-08-09 00:00:00,11.25,N/E,11.23,11.25
2023-08-10 00:00:00,11.25,N/E,11.24,11.25
2023-08-11 00:00:00,11.27,N/E,11.26,11.28
2023-08-14 00:00:00,11.25,N/E,11.23,11.26
2023-08-15 00:00:00,11.23,N/E,11.22,11.25
2023-08-16 00:00:00,11.23,N/E,11.22,11.24
2023-08-17 00:00:00,11.18,N/E,11.15,11.21
2023-08-18 00:00:00,11.22,N/E,11.19,11.24
2023-08-21 00:00:00,11.21,N/E,11.2,11.23
2023-08-22 00:00:00,11.25,N/E,11.23,11.25
2023-08-23 00:00:00,11.24,N/E,11.23,11.25
2023-08-24 00:00:00,11.24,N/E,11.22,11.25
2023-08-25 00:00:00,11.24,N/E,11.23,11.25
2023-08-28 00:00:00,11.24,N/E,11.23,11.24
2023-08-29 00:00:00,11.25,N/E,11.24,11.25
2023-08-30 00:00:00,11.25,N/E,11.24,11.25
2023-08-31 00:00:00,11.32,N/E,11.31,11.35
2023-09-01 00:00:00,11.3,N/E,11.29,11.33
2023-09-04 00:00:00,11.26,N/E,11.25,11.27
2023-09-05 00:00:00,11.25,N/E,11.24,11.26
2023-09-06 00:00:00,11.24,N/E,11.24,11.25
2023-09-07 00:00:00,11.24,N/E,11.24,11.25
2023-09-08 00:00:00,11.24,N/E,11.23,11.25
2023-09-11 00:00:00,11.24,N/E,11.24,11.25
2023-09-12 00:00:00,11.25,N/E,11.24,11.25
2023-09-13 00:00:00,11.26,N/E,11.25,11.28
2023-09-14 00:00:00,11.25,N/E,11.22,11.26
2023-09-15 00:00:00,11.23,N/E,11.21,11.24
2023-09-18 00:00:00,11.21,N/E,11.2,11.23
2023-09-19 00:00:00,11.23,N/E,11.23,11.24
2023-09-20 00:00:00,11.25,N/E,11.24,11.25
2023-09-21 00:00:00,11.27,N/E,11.26,11.28
2023-09-22 00:00:00,11.24,N/E,11.23,11.25
2023-09-25 00:00:00,11.23,N/E,11.22,11.24
2023-09-26 00:00:00,11.25,N/E,11.24,11.25
2023-09-27 00:00:00,11.28,N/E,11.27,11.3
2023-09-28 00:00:00,11.25,N/E,11.22,11.27
2023-09-29 00:00:00,11.28,N/E,11.26,11.3
2023-10-02 00:00:00,11.27,N/E,11.25,11.28
2023-10-03 00:00:00,11.23,N/E,11.21,11.24
2023-10-04 00:00:00,11.24,N/E,11.22,11.25
2023-10-05 00:00:00,11.23,N/E,11.23,11.24
2023-10-06 00:00:00,11.25,N/E,11.25,11.26
2023-10-09 00:00:00,11.25,N/E,11.24,11.25
2023-10-10 00:00:00,11.26,N/E,11.25,11.27
2023-10-11 00:00:00,11.26,N/E,11.25,11.27
2023-10-12 00:00:00,11.25,N/E,11.24,11.26
2023-10-13 00:00:00,11.25,N/E,11.23,11.25
2023-10-16 00:00:00,11.24,N/E,11.24,11.25
2023-10-17 00:00:00,11.25,N/E,11.24,11.26
2023-10-18 00:00:00,11.25,N/E,11.24,11.26
2023-10-19 00:00:00,11.23,N/E,11.22,11.24
2023-10-20 00:00:00,11.25,N/E,11.24,11.26
2023-10-23 00:00:00,11.27,N/E,11.25,11.28
2023-10-24 00:00:00,11.25,N/E,11.24,11.27
2023-10-25 00:00:00,11.25,N/E,11.24,11.26
2023-10-26 00:00:00,11.24,N/E,11.23,11.24
2023-10-27 00:00:00,11.23,N/E,11.23,11.25
2023-10-30 00:00:00,11.26,N/E,11.25,11.28
2023-10-31 00:00:00,11.35,N/E,11.3,11.38
2023-11-01 00:00:00,11.28,N/E,11.27,11.31
2023-11-03 00:00:00,11.26,N/E,11.25,11.27
2023-11-06 00:00:00,11.24,N/E,11.23,11.25
2023-11-07 00:00:00,11.24,N/E,11.22,11.24
2023-11-08 00:00:00,11.23,N/E,11.22,11.24
2023-11-09 00:00:00,11.24,N/E,11.23,11.25
2023-11-10 00:00:00,11.26,N/E,11.25,11.27
2023-11-13 00:00:00,11.27,N/E,11.26,11.28
2023-11-14 00:00:00,11.27,N/E,11.26,11.28
2023-11-15 00:00:00,11.26,N/E,11.26,11.27
2023-11-16 00:00:00,11.26,N/E,11.25,11.27
2023-11-17 00:00:00,11.26,N/E,11.24,11.28
2023-11-21 00:00:00,11.24,N/E,11.23,11.25
2023-11-22 00:00:00,11.26,N/E,11.25,11.27
2023-11-23 00:00:00,11.25,N/E,11.24,11.26
2023-11-24 00:00:00,11.25,N/E,11.24,11.25
2023-11-27 00:00:00,11.25,N/E,11.24,11.26
2023-11-28 00:00:00,11.24,N/E,11.23,11.25
2023-11-29 00:00:00,11.24,N/E,11.24,11.25
2023-11-30 00:00:00,11.3,N/E,11.28,11.32
2023-12-01 00:00:00,11.27,N/E,11.26,11.29
2023-12-04 00:00:00,11.27,N/E,11.26,11.27
2023-12-05 00:00:00,11.32,N/E,11.3,11.34
2023-12-06 00:00:00,11.33,N/E,11.31,11.37
2023-12-07 00:00:00,11.22,N/E,11.2,11.23
2023-12-08 00:00:00,11.24,N/E,11.23,11.25
2023-12-11 00:00:00,11.29,N/E,11.28,11.3
2023-12-13 00:00:00,11.3,N/E,11.27,11.35
2023-12-14 00:00:00,11.24,N/E,11.23,11.25
2023-12-15 00:00:00,11.25,N/E,11.24,11.26
2023-12-18 00:00:00,11.24,N/E,11.23,11.25
2023-12-19 00:00:00,11.25,N/E,11.24,11.25
2023-12-20 00:00:00,11.26,N/E,11.25,11.27
2023-12-21 00:00:00,11.27,N/E,11.25,11.29
2023-12-22 00:00:00,11.24,N/E,11.22,11.25
2023-12-26 00:00:00,11.26,N/E,11.25,11.27
2023-12-27 00:00:00,11.27,N/E,11.25,11.28
2023-12-28 00:00:00,11.32,N/E,11.3,11.35
2023-12-29 00:00:00,11.45,N/E,11.42,11.47
2024-01-02 00:00:00,11.31,N/E,11.29,11.32
2024-01-03 00:00:00,11.27,N/E,11.25,11.29
2024-01-04 00:00:00,11.24,N/E,11.23,11.25
2024-01-05 00:00:00,11.25,N/E,11.24,11.26
2024-01-08 00:00:00,11.27,N/E,11.26,11.28
2024-01-09 00:00:00,11.27,N/E,11.24,11.3
2024-01-10 00:00:00,11.22,N/E,11.2,11.25
2024-01-11 00:00:00,11.22,N/E,11.2,11.24
2024-01-12 00:00:00,11.23,N/E,11.21,11.24
2024-01-15 00:00:00,11.23,N/E,11.21,11.26
2024-01-16 00:00:00,11.22,N/E,11.2,11.24
2024-01-17 00:00:00,11.22,N/E,11.22,11.24
2024-01-18 00:00:00,11.24,N/E,11.23,11.25
2024-01-19 00:00:00,11.27,N/E,11.25,11.3
2024-01-22 00:00:00,11.3,N/E,11.28,11.3
2024-01-23 00:00:00,11.3,N/E,11.28,11.31
2024-01-24 00:00:00,11.27,N/E,11.26,11.28
2024-01-25 00:00:00,11.25,N/E,11.24,11.26
2024-01-26 00:00:00,11.26,N/E,11.25,11.27
2024-01-29 00:00:00,11.26,N/E,11.25,11.28
2024-01-30 00:00:00,11.26,N/E,11.24,11.27
2024-01-31 00:00:00,11.27,N/E,11.25,11.29
2024-02-01 00:00:00,11.25,N/E,11.25,11.27
2024-02-02 00:00:00,11.25,N/E,11.24,11.27
2024-02-06 00:00:00,11.25,N/E,11.24,11.26
2024-02-07 00:00:00,11.25,N/E,11.24,11.26
2024-02-08 00:00:00,11.24,N/E,11.24,11.25
2024-02-09 00:00:00,11.24,N/E,11.23,11.25
2024-02-12 00:00:00,11.24,N/E,11.24,11.25
2024-02-13 00:00:00,11.24,N/E,11.23,11.25
2024-02-14 00:00:00,11.25,N/E,11.24,11.25
2024-02-15 00:00:00,11.24,N/E,11.21,11.25
2024-02-16 00:00:00,11.24,N/E,11.23,11.25
2024-02-19 00:00:00,11.24,N/E,11.24,11.25
2024-02-20 00:00:00,11.26,N/E,11.24,11.26
2024-02-21 00:00:00,11.26,N/E,11.25,11.27
2024-02-22 00:00:00,11.25,N/E,11.24,11.26
2024-02-23 00:00:00,11.25,N/E,11.24,11.25
2024-02-26 00:00:00,11.25,N/E,11.25,11.26
2024-02-27 00:00:00,11.25,N/E,11.24,11.26
2024-02-28 00:00:00,11.25,N/E,11.24,11.26
2024-02-29 00:00:00,11.27,N/E,11.26,11.28
2024-03-01 00:00:00,11.25,N/E,11.22,11.26
2024-03-04 00:00:00,11.23,N/E,11.22,11.24
2024-03-05 00:00:00,11.23,N/E,11.22,11.24
2024-03-06 00:00:00,11.23,N/E,11.22,11.23
2024-03-07 00:00:00,11.25,N/E,11.24,11.25
2024-03-08 00:00:00,11.27,N/E,11.26,11.28
2024-03-11 00:00:00,11.26,N/E,11.25,11.26
2024-03-12 00:00:00,11.25,N/E,11.24,11.26
2024-03-13 00:00:00,11.25,N/E,11.25,11.26
2024-03-14 00:00:00,11.24,N/E,11.23,11.25
2024-03-15 00:00:00,11.24,N/E,11.23,11.24
2024-03-19 00:00:00,11.24,N/E,11.23,11.25
2024-03-20 00:00:00,11.26,N/E,11.25,11.27
2024-03-21 00:00:00,11.26,N/E,11.25,11.27
2024-03-22 00:00:00,11.03,N/E,11.02,11.04
2024-03-25 00:00:00,11.06,N/E,11.05,11.07
2024-03-26 00:00:00,11.06,N/E,11.05,11.07
2024-03-27 00:00:00,11.1,N/E,11.08,11.13
2024-04-01 00:00:00,11.07,N/E,11.06,11.08
2024-04-02 00:00:00,11.06,N/E,11.05,11.08
2024-04-03 00:00:00,11,N/E,10.99,11.02
2024-04-04 00:00:00,10.98,N/E,10.97,11
2024-04-05 00:00:00,11,N/E,11,11
2024-04-08 00:00:00,10.99,N/E,10.98,11
2024-04-09 00:00:00,11.01,N/E,11.01,11.02
2024-04-10 00:00:00,11.02,N/E,11.01,11.03
2024-04-11 00:00:00,11.03,N/E,11.02,11.04
2024-04-12 00:00:00,11.01,N/E,11,11.02
2024-04-15 00:00:00,11,N/E,11,11.01
2024-04-16 00:00:00,11,N/E,11,11.01
2024-04-17 00:00:00,11,N/E,10.99,11.01
2024-04-18 00:00:00,11,N/E,10.99,11
2024-04-19 00:00:00,11,N/E,10.99,11.02
2024-04-22 00:00:00,11.01,N/E,11,11.03
2024-04-23 00:00:00,11.01,N/E,11,11.01
2024-04-24 00:00:00,10.99,N/E,10.98,11.01
2024-04-25 00:00:00,10.99,N/E,10.97,11
2024-04-26 00:00:00,11,N/E,11,11.01
2024-04-29 00:00:00,11.01,N/E,11.01,11.02
2024-04-30 00:00:00,11.06,N/E,11.05,11.09
2024-05-02 00:00:00,11.03,N/E,11.01,11.03
2024-05-03 00:00:00,11.05,N/E,11.04,11.06
2024-05-06 00:00:00,11.01,N/E,11,11.02
2024-05-07 00:00:00,11,N/E,11,11.01
2024-05-08 00:00:00,11.02,N/E,11.01,11.02
2024-05-09 00:00:00,11.02,N/E,11.01,11.03
2024-05-10 00:00:00,11.02,N/E,11.01,11.03
2024-05-13 00:00:00,11.02,N/E,11.01,11.03
2024-05-14 00:00:00,11.03,N/E,11.02,11.04
2024-05-15 00:00:00,11.04,N/E,11.03,11.05
2024-05-16 00:00:00,11,N/E,10.99,11.01
2024-05-17 00:00:00,11,N/E,10.98,11.01
2024-05-20 00:00:00,11,N/E,11,11.01
2024-05-21 00:00:00,11,N/E,11,11.01
2024-05-22 00:00:00,11,N/E,11,11.01
2024-05-23 00:00:00,11,N/E,10.99,11
2024-05-24 00:00:00,11,N/E,11,11.01
2024-05-27 00:00:00,11,N/E,11,11.01
2024-05-28 00:00:00,11.01,N/E,10.99,11.03
2024-05-29 00:00:00,11,N/E,10.98,11.01
2024-05-30 00:00:00,10.99,N/E,10.98,11
2024-05-31 00:00:00,11.06,N/E,11.05,11.09
2024-06-03 00:00:00,11.02,N/E,11,11.04
2024-06-04 00:00:00,11.01,N/E,11,11.02
2024-06-05 00:00:00,11,N/E,11,11.01
2024-06-06 00:00:00,10.98,N/E,10.97,10.99
2024-06-07 00:00:00,10.98,N/E,10.97,10.99
2024-06-10 00:00:00,11,N/E,10.99,11
2024-06-11 00:00:00,11,N/E,10.99,11
2024-06-12 00:00:00,10.99,N/E,10.99,11
2024-06-13 00:00:00,11,N/E,10.99,11
2024-06-14 00:00:00,10.99,N/E,10.99,11
2024-06-17 00:00:00,10.99,N/E,10.99,11
2024-06-18 00:00:00,10.99,N/E,10.99,11
2024-06-19 00:00:00,11,N/E,10.99,11
2024-06-20 00:00:00,11,N/E,10.99,11
2024-06-21 00:00:00,11,N/E,11,11.01
2024-06-24 00:00:00,11,N/E,11,11.01
2024-06-25 00:00:00,11.01,N/E,11,11.01
2024-06-26 00:00:00,11.02,N/E,11.01,11.03
2024-06-27 00:00:00,11.02,N/E,11.02,11.03
2024-06-28 00:00:00,11.1,N/E,11.07,11.11
2024-07-01 00:00:00,11.08,N/E,11.05,11.09
2024-07-02 00:00:00,11.04,N/E,11.03,11.06
2024-07-03 00:00:00,11,N/E,11,11.01
2024-07-04 00:00:00,11,N/E,10.99,11.01
2024-07-05 00:00:00,11,N/E,11,11.01
2024-07-08 00:00:00,11,N/E,11,11.01
2024-07-09 00:00:00,11,N/E,11,11.01
2024-07-10 00:00:00,11,N/E,11,11.01
2024-07-11 00:00:00,11,N/E,11,11.01
2024-07-12 00:00:00,11,N/E,11,11.01
2024-07-15 00:00:00,11,N/E,11,11.01
2024-07-16 00:00:00,11,N/E,11,11.01
2024-07-17 00:00:00,11,N/E,11,11.01
2024-07-18 00:00:00,11,N/E,10.99,11.01
2024-07-19 00:00:00,11,N/E,10.99,11.01
2024-07-22 00:00:00,11.01,N/E,11,11.02
2024-07-23 00:00:00,11.02,N/E,11.01,11.02
2024-07-24 00:00:00,11.01,N/E,11.01,11.02
2024-07-25 00:00:00,11,N/E,11,11.01
2024-07-26 00:00:00,11.01,N/E,11,11.02
2024-07-29 00:00:00,11.01,N/E,11,11.02
2024-07-30 00:00:00,11.01,N/E,11,11.01
2024-07-31 00:00:00,11.05,N/E,11.02,11.1
2024-08-01 00:00:00,11,N/E,10.99,11.01
2024-08-02 00:00:00,11,N/E,11,11.01
2024-08-05 00:00:00,11.01,N/E,11,11.01
2024-08-06 00:00:00,11,N/E,10.99,11.01
2024-08-07 00:00:00,11,N/E,11,11.01
2024-08-08 00:00:00,11,N/E,10.99,11.01
2024-08-09 00:00:00,10.75,N/E,10.74,10.76
2024-08-12 00:00:00,10.75,N/E,10.75,10.76
2024-08-13 00:00:00,10.75,N/E,10.75,10.76
2024-08-14 00:00:00,10.75,N/E,10.75,10.75
2024-08-15 00:00:00,10.75,N/E,10.74,10.75
2024-08-16 00:00:00,10.74,N/E,10.73,10.75
2024-08-19 00:00:00,10.74,N/E,10.74,10.75
2024-08-20 00:00:00,10.76,N/E,10.75,10.77
2024-08-21 00:00:00,10.76,N/E,10.76,10.77
2024-08-22 00:00:00,10.77,N/E,10.77,10.82
2024-08-23 00:00:00,10.77,N/E,10.76,10.79
2024-08-26 00:00:00,10.77,N/E,10.76,10.79
2024-08-27 00:00:00,10.77,N/E,10.76,10.78
2024-08-28 00:00:00,10.77,N/E,10.76,10.79
2024-08-29 00:00:00,10.8,N/E,10.78,10.82
2024-08-30 00:00:00,11,N/E,11,11.02
2024-09-02 00:00:00,10.78,N/E,10.77,10.8
2024-09-03 00:00:00,10.8,N/E,10.79,10.8
2024-09-04 00:00:00,10.8,N/E,10.77,10.8
2024-09-05 00:00:00,10.68,N/E,10.62,10.72
2024-09-06 00:00:00,10.63,N/E,10.58,10.68
2024-09-09 00:00:00,10.66,N/E,10.64,10.7
2024-09-10 00:00:00,10.67,N/E,10.65,10.69
2024-09-11 00:00:00,10.75,N/E,10.72,10.77
2024-09-12 00:00:00,10.77,N/E,10.76,10.79
2024-09-13 00:00:00,10.75,N/E,10.75,10.76
2024-09-17 00:00:00,10.76,N/E,10.75,10.76
2024-09-18 00:00:00,10.75,N/E,10.74,10.76
2024-09-19 00:00:00,10.76,N/E,10.75,10.77
2024-09-20 00:00:00,10.78,N/E,10.78,10.79
2024-09-23 00:00:00,10.78,N/E,10.77,10.79
2024-09-24 00:00:00,10.79,N/E,10.78,10.8
2024-09-25 00:00:00,10.78,N/E,10.76,10.79
2024-09-26 00:00:00,10.76,N/E,10.75,10.79
2024-09-27 00:00:00,10.55,N/E,10.52,10.55
2024-09-30 00:00:00,10.6,N/E,10.6,10.62
2024-10-02 00:00:00,10.55,N/E,10.55,10.56
2024-10-03 00:00:00,10.54,N/E,10.5,10.55
2024-10-04 00:00:00,10.5,N/E,10.49,10.51
2024-10-07 00:00:00,10.48,N/E,10.47,10.5
2024-10-08 00:00:00,10.48,N/E,10.47,10.49
2024-10-09 00:00:00,10.47,N/E,10.46,10.49
2024-10-10 00:00:00,10.47,N/E,10.47,10.49
2024-10-11 00:00:00,10.48,N/E,10.47,10.49
2024-10-14 00:00:00,10.49,N/E,10.49,10.5
2024-10-15 00:00:00,10.52,N/E,10.5,10.54
2024-10-16 00:00:00,10.49,N/E,10.48,10.5
2024-10-17 00:00:00,10.49,N/E,10.48,10.5
2024-10-18 00:00:00,10.51,N/E,10.49,10.52
2024-10-21 00:00:00,10.5,N/E,10.5,10.51
2024-10-22 00:00:00,10.52,N/E,10.51,10.53
2024-10-23 00:00:00,10.51,N/E,10.51,10.52
2024-10-24 00:00:00,10.53,N/E,10.53,10.55
2024-10-25 00:00:00,10.54,N/E,10.53,10.55
2024-10-28 00:00:00,10.53,N/E,10.51,10.53
2024-10-29 00:00:00,10.54,N/E,10.53,10.55
2024-10-30 00:00:00,10.54,N/E,10.54,10.55
2024-10-31 00:00:00,10.65,N/E,10.6,10.71
2024-11-01 00:00:00,10.53,N/E,10.51,10.55
2024-11-04 00:00:00,10.51,N/E,10.5,10.53
2024-11-05 00:00:00,10.51,N/E,10.5,10.52
2024-11-06 00:00:00,10.51,N/E,10.5,10.52
2024-11-07 00:00:00,10.51,N/E,10.5,10.52
2024-11-08 00:00:00,10.52,N/E,10.51,10.53
2024-11-11 00:00:00,10.53,N/E,10.52,10.53
2024-11-12 00:00:00,10.54,N/E,10.52,10.57
2024-11-13 00:00:00,10.52,N/E,10.51,10.53
2024-11-14 00:00:00,10.52,N/E,10.51,10.54
2024-11-15 00:00:00,10.28,N/E,10.26,10.28
2024-11-19 00:00:00,10.25,N/E,10.23,10.26
2024-11-20 00:00:00,10.27,N/E,10.26,10.3
2024-11-21 00:00:00,10.26,N/E,10.25,10.27
2024-11-22 00:00:00,10.28,N/E,10.26,10.29
2024-11-25 00:00:00,10.3,N/E,10.3,10.31
2024-11-26 00:00:00,10.34,N/E,10.3,10.36
2024-11-27 00:00:00,10.3,N/E,10.29,10.32
2024-11-28 00:00:00,10.39,N/E,10.35,10.42
2024-11-29 00:00:00,10.55,N/E,10.5,10.6
2024-12-02 00:00:00,10.35,N/E,10.33,10.39
2024-12-03 00:00:00,10.61,N/E,10.59,10.7
2024-12-04 00:00:00,10.4,N/E,10.33,10.65
2024-12-05 00:00:00,10.2,N/E,10.17,10.24
2024-12-06 00:00:00,10.15,N/E,10.1,10.2
2024-12-09 00:00:00,10.24,N/E,10.23,10.25
2024-12-10 00:00:00,10.28,N/E,10.26,10.32
2024-12-11 00:00:00,10.27,N/E,10.25,10.32
2024-12-13 00:00:00,10.27,N/E,10.25,10.3
2024-12-16 00:00:00,10.26,N/E,10.25,10.29
2024-12-17 00:00:00,10.25,N/E,10.23,10.27
2024-12-18 00:00:00,10.26,N/E,10.25,10.27
2024-12-19 00:00:00,10.3,N/E,10.3,10.35
2024-12-20 00:00:00,10.06,N/E,10.05,10.08
2024-12-23 00:00:00,10.1,N/E,10.05,10.15
2024-12-24 00:00:00,10.25,N/E,10.2,10.25
2024-12-26 00:00:00,10.19,N/E,10.15,10.2
2024-12-27 00:00:00,10.26,N/E,10.25,10.28
2024-12-30 00:00:00,10.15,N/E,10.12,10.15
2024-12-31 00:00:00,10.2,N/E,10.15,10.23
2025-01-02 00:00:00,10.05,N/E,10.03,10.07
2025-01-03 00:00:00,10,N/E,9.98,10.04
2025-01-06 00:00:00,10,N/E,9.99,10.02
2025-01-07 00:00:00,9.99,N/E,9.98,10.01
2025-01-08 00:00:00,9.98,N/E,9.96,10
2025-01-09 00:00:00,9.97,N/E,9.96,9.98
2025-01-10 00:00:00,9.96,N/E,9.95,9.98
2025-01-13 00:00:00,9.97,N/E,9.96,9.98
2025-01-14 00:00:00,9.99,N/E,9.99,10
2025-01-15 00:00:00,9.99,N/E,9.98,10
2025-01-16 00:00:00,9.99,N/E,9.98,10
2025-01-17 00:00:00,9.99,N/E,9.98,10
2025-01-20 00:00:00,10,N/E,10,10.01
2025-01-21 00:00:00,10.01,N/E,10.01,10.02
2025-01-22 00:00:00,10,N/E,9.98,10.02
2025-01-23 00:00:00,10.02,N/E,10.01,10.04
2025-01-24 00:00:00,10.01,N/E,10,10.02
2025-01-27 00:00:00,10,N/E,9.99,10.01
2025-01-28 00:00:00,10.02,N/E,10.01,10.04
2025-01-29 00:00:00,10,N/E,10,10.02
2025-01-30 00:00:00,10,N/E,9.99,10.02
2025-01-31 00:00:00,10.03,N/E,10.02,10.04
2025-02-04 00:00:00,10.02,N/E,10.01,10.03
2025-02-05 00:00:00,10.05,N/E,10.02,10.07
2025-02-06 00:00:00,10,N/E,9.99,10
2025-02-07 00:00:00,9.49,N/E,9.49,9.5
2025-02-10 00:00:00,9.5,N/E,9.49,9.5
2025-02-11 00:00:00,9.5,N/E,9.49,9.5
2025-02-12 00:00:00,9.5,N/E,9.49,9.5
2025-02-13 00:00:00,9.49,N/E,9.49,9.5
2025-02-14 00:00:00,9.49,N/E,9.49,9.5
2025-02-17 00:00:00,9.5,N/E,9.49,9.5
2025-02-18 00:00:00,9.49,N/E,9.48,9.5
2025-02-19 00:00:00,9.49,N/E,9.49,9.5
2025-02-20 00:00:00,9.48,N/E,9.47,9.5
2025-02-21 00:00:00,9.52,N/E,9.5,9.53
